Image,Label
data/yes\y0.jpg,yes
data/yes\y1.jpg,yes
data/yes\y10.jpg,yes
data/yes\y100.jpg,yes
data/yes\y1000.jpg,yes
data/yes\y1001.jpg,yes
data/yes\y1002.jpg,yes
data/yes\y1003.jpg,yes
data/yes\y1004.jpg,yes
data/yes\y1005.jpg,yes
data/yes\y1006.jpg,yes
data/yes\y1007.jpg,yes
data/yes\y1008.jpg,yes
data/yes\y1009.jpg,yes
data/yes\y101.jpg,yes
data/yes\y1010.jpg,yes
data/yes\y1011.jpg,yes
data/yes\y1012.jpg,yes
data/yes\y1013.jpg,yes
data/yes\y1014.jpg,yes
data/yes\y1015.jpg,yes
data/yes\y1016.jpg,yes
data/yes\y1017.jpg,yes
data/yes\y1018.jpg,yes
data/yes\y1019.jpg,yes
data/yes\y102.jpg,yes
data/yes\y1020.jpg,yes
data/yes\y1021.jpg,yes
data/yes\y1022.jpg,yes
data/yes\y1023.jpg,yes
data/yes\y1024.jpg,yes
data/yes\y1025.jpg,yes
data/yes\y1026.jpg,yes
data/yes\y1027.jpg,yes
data/yes\y1028.jpg,yes
data/yes\y1029.jpg,yes
data/yes\y103.jpg,yes
data/yes\y1030.jpg,yes
data/yes\y1031.jpg,yes
data/yes\y1032.jpg,yes
data/yes\y1033.jpg,yes
data/yes\y1034.jpg,yes
data/yes\y1035.jpg,yes
data/yes\y1036.jpg,yes
data/yes\y1037.jpg,yes
data/yes\y1038.jpg,yes
data/yes\y1039.jpg,yes
data/yes\y104.jpg,yes
data/yes\y1040.jpg,yes
data/yes\y1041.jpg,yes
data/yes\y1042.jpg,yes
data/yes\y1043.jpg,yes
data/yes\y1044.jpg,yes
data/yes\y1045.jpg,yes
data/yes\y1046.jpg,yes
data/yes\y1047.jpg,yes
data/yes\y1048.jpg,yes
data/yes\y1049.jpg,yes
data/yes\y105.jpg,yes
data/yes\y1050.jpg,yes
data/yes\y1051.jpg,yes
data/yes\y1052.jpg,yes
data/yes\y1053.jpg,yes
data/yes\y1054.jpg,yes
data/yes\y1055.jpg,yes
data/yes\y1056.jpg,yes
data/yes\y1057.jpg,yes
data/yes\y1058.jpg,yes
data/yes\y1059.jpg,yes
data/yes\y106.jpg,yes
data/yes\y1060.jpg,yes
data/yes\y1061.jpg,yes
data/yes\y1062.jpg,yes
data/yes\y1063.jpg,yes
data/yes\y1064.jpg,yes
data/yes\y1065.jpg,yes
data/yes\y1066.jpg,yes
data/yes\y1067.jpg,yes
data/yes\y1068.jpg,yes
data/yes\y1069.jpg,yes
data/yes\y107.jpg,yes
data/yes\y1070.jpg,yes
data/yes\y1071.jpg,yes
data/yes\y1072.jpg,yes
data/yes\y1073.jpg,yes
data/yes\y1074.jpg,yes
data/yes\y1075.jpg,yes
data/yes\y1076.jpg,yes
data/yes\y1077.jpg,yes
data/yes\y1078.jpg,yes
data/yes\y1079.jpg,yes
data/yes\y108.jpg,yes
data/yes\y1080.jpg,yes
data/yes\y1081.jpg,yes
data/yes\y1082.jpg,yes
data/yes\y1083.jpg,yes
data/yes\y1084.jpg,yes
data/yes\y1085.jpg,yes
data/yes\y1086.jpg,yes
data/yes\y1087.jpg,yes
data/yes\y1088.jpg,yes
data/yes\y1089.jpg,yes
data/yes\y109.jpg,yes
data/yes\y1090.jpg,yes
data/yes\y1091.jpg,yes
data/yes\y1092.jpg,yes
data/yes\y1093.jpg,yes
data/yes\y1094.jpg,yes
data/yes\y1095.jpg,yes
data/yes\y1096.jpg,yes
data/yes\y1097.jpg,yes
data/yes\y1098.jpg,yes
data/yes\y1099.jpg,yes
data/yes\y11.jpg,yes
data/yes\y110.jpg,yes
data/yes\y1100.jpg,yes
data/yes\y1101.jpg,yes
data/yes\y1102.jpg,yes
data/yes\y1103.jpg,yes
data/yes\y1104.jpg,yes
data/yes\y1105.jpg,yes
data/yes\y1106.jpg,yes
data/yes\y1107.jpg,yes
data/yes\y1108.jpg,yes
data/yes\y1109.jpg,yes
data/yes\y111.jpg,yes
data/yes\y1110.jpg,yes
data/yes\y1111.jpg,yes
data/yes\y1112.jpg,yes
data/yes\y1113.jpg,yes
data/yes\y1114.jpg,yes
data/yes\y1115.jpg,yes
data/yes\y1116.jpg,yes
data/yes\y1117.jpg,yes
data/yes\y1118.jpg,yes
data/yes\y1119.jpg,yes
data/yes\y112.jpg,yes
data/yes\y1120.jpg,yes
data/yes\y1121.jpg,yes
data/yes\y1122.jpg,yes
data/yes\y1123.jpg,yes
data/yes\y1124.jpg,yes
data/yes\y1125.jpg,yes
data/yes\y1126.jpg,yes
data/yes\y1127.jpg,yes
data/yes\y1128.jpg,yes
data/yes\y1129.jpg,yes
data/yes\y113.jpg,yes
data/yes\y1130.jpg,yes
data/yes\y1131.jpg,yes
data/yes\y1132.jpg,yes
data/yes\y1133.jpg,yes
data/yes\y1134.jpg,yes
data/yes\y1135.jpg,yes
data/yes\y1136.jpg,yes
data/yes\y1137.jpg,yes
data/yes\y1138.jpg,yes
data/yes\y1139.jpg,yes
data/yes\y114.jpg,yes
data/yes\y1140.jpg,yes
data/yes\y1141.jpg,yes
data/yes\y1142.jpg,yes
data/yes\y1143.jpg,yes
data/yes\y1144.jpg,yes
data/yes\y1145.jpg,yes
data/yes\y1146.jpg,yes
data/yes\y1147.jpg,yes
data/yes\y1148.jpg,yes
data/yes\y1149.jpg,yes
data/yes\y115.jpg,yes
data/yes\y1150.jpg,yes
data/yes\y1151.jpg,yes
data/yes\y1152.jpg,yes
data/yes\y1153.jpg,yes
data/yes\y1154.jpg,yes
data/yes\y1155.jpg,yes
data/yes\y1156.jpg,yes
data/yes\y1157.jpg,yes
data/yes\y1158.jpg,yes
data/yes\y1159.jpg,yes
data/yes\y116.jpg,yes
data/yes\y1160.jpg,yes
data/yes\y1161.jpg,yes
data/yes\y1162.jpg,yes
data/yes\y1163.jpg,yes
data/yes\y1164.jpg,yes
data/yes\y1165.jpg,yes
data/yes\y1166.jpg,yes
data/yes\y1167.jpg,yes
data/yes\y1168.jpg,yes
data/yes\y1169.jpg,yes
data/yes\y117.jpg,yes
data/yes\y1170.jpg,yes
data/yes\y1171.jpg,yes
data/yes\y1172.jpg,yes
data/yes\y1173.jpg,yes
data/yes\y1174.jpg,yes
data/yes\y1175.jpg,yes
data/yes\y1176.jpg,yes
data/yes\y1177.jpg,yes
data/yes\y1178.jpg,yes
data/yes\y1179.jpg,yes
data/yes\y118.jpg,yes
data/yes\y1180.jpg,yes
data/yes\y1181.jpg,yes
data/yes\y1182.jpg,yes
data/yes\y1183.jpg,yes
data/yes\y1184.jpg,yes
data/yes\y1185.jpg,yes
data/yes\y1186.jpg,yes
data/yes\y1187.jpg,yes
data/yes\y1188.jpg,yes
data/yes\y1189.jpg,yes
data/yes\y119.jpg,yes
data/yes\y1190.jpg,yes
data/yes\y1191.jpg,yes
data/yes\y1192.jpg,yes
data/yes\y1193.jpg,yes
data/yes\y1194.jpg,yes
data/yes\y1195.jpg,yes
data/yes\y1196.jpg,yes
data/yes\y1197.jpg,yes
data/yes\y1198.jpg,yes
data/yes\y1199.jpg,yes
data/yes\y12.jpg,yes
data/yes\y120.jpg,yes
data/yes\y1200.jpg,yes
data/yes\y1201.jpg,yes
data/yes\y1202.jpg,yes
data/yes\y1203.jpg,yes
data/yes\y1204.jpg,yes
data/yes\y1205.jpg,yes
data/yes\y1206.jpg,yes
data/yes\y1207.jpg,yes
data/yes\y1208.jpg,yes
data/yes\y1209.jpg,yes
data/yes\y121.jpg,yes
data/yes\y1210.jpg,yes
data/yes\y1211.jpg,yes
data/yes\y1212.jpg,yes
data/yes\y1213.jpg,yes
data/yes\y1214.jpg,yes
data/yes\y1215.jpg,yes
data/yes\y1216.jpg,yes
data/yes\y1217.jpg,yes
data/yes\y1218.jpg,yes
data/yes\y1219.jpg,yes
data/yes\y122.jpg,yes
data/yes\y1220.jpg,yes
data/yes\y1221.jpg,yes
data/yes\y1222.jpg,yes
data/yes\y1223.jpg,yes
data/yes\y1224.jpg,yes
data/yes\y1225.jpg,yes
data/yes\y1226.jpg,yes
data/yes\y1227.jpg,yes
data/yes\y1228.jpg,yes
data/yes\y1229.jpg,yes
data/yes\y123.jpg,yes
data/yes\y1230.jpg,yes
data/yes\y1231.jpg,yes
data/yes\y1232.jpg,yes
data/yes\y1233.jpg,yes
data/yes\y1234.jpg,yes
data/yes\y1235.jpg,yes
data/yes\y1236.jpg,yes
data/yes\y1237.jpg,yes
data/yes\y1238.jpg,yes
data/yes\y1239.jpg,yes
data/yes\y124.jpg,yes
data/yes\y1240.jpg,yes
data/yes\y1241.jpg,yes
data/yes\y1242.jpg,yes
data/yes\y1243.jpg,yes
data/yes\y1244.jpg,yes
data/yes\y1245.jpg,yes
data/yes\y1246.jpg,yes
data/yes\y1247.jpg,yes
data/yes\y1248.jpg,yes
data/yes\y1249.jpg,yes
data/yes\y125.jpg,yes
data/yes\y1250.jpg,yes
data/yes\y1251.jpg,yes
data/yes\y1252.jpg,yes
data/yes\y1253.jpg,yes
data/yes\y1254.jpg,yes
data/yes\y1255.jpg,yes
data/yes\y1256.jpg,yes
data/yes\y1257.jpg,yes
data/yes\y1258.jpg,yes
data/yes\y1259.jpg,yes
data/yes\y126.jpg,yes
data/yes\y1260.jpg,yes
data/yes\y1261.jpg,yes
data/yes\y1262.jpg,yes
data/yes\y1263.jpg,yes
data/yes\y1264.jpg,yes
data/yes\y1265.jpg,yes
data/yes\y1266.jpg,yes
data/yes\y1267.jpg,yes
data/yes\y1268.jpg,yes
data/yes\y1269.jpg,yes
data/yes\y127.jpg,yes
data/yes\y1270.jpg,yes
data/yes\y1271.jpg,yes
data/yes\y1272.jpg,yes
data/yes\y1273.jpg,yes
data/yes\y1274.jpg,yes
data/yes\y1275.jpg,yes
data/yes\y1276.jpg,yes
data/yes\y1277.jpg,yes
data/yes\y1278.jpg,yes
data/yes\y1279.jpg,yes
data/yes\y128.jpg,yes
data/yes\y1280.jpg,yes
data/yes\y1281.jpg,yes
data/yes\y1282.jpg,yes
data/yes\y1283.jpg,yes
data/yes\y1284.jpg,yes
data/yes\y1285.jpg,yes
data/yes\y1286.jpg,yes
data/yes\y1287.jpg,yes
data/yes\y1288.jpg,yes
data/yes\y1289.jpg,yes
data/yes\y129.jpg,yes
data/yes\y1290.jpg,yes
data/yes\y1291.jpg,yes
data/yes\y1292.jpg,yes
data/yes\y1293.jpg,yes
data/yes\y1294.jpg,yes
data/yes\y1295.jpg,yes
data/yes\y1296.jpg,yes
data/yes\y1297.jpg,yes
data/yes\y1298.jpg,yes
data/yes\y1299.jpg,yes
data/yes\y13.jpg,yes
data/yes\y130.jpg,yes
data/yes\y1300.jpg,yes
data/yes\y1301.jpg,yes
data/yes\y1302.jpg,yes
data/yes\y1303.jpg,yes
data/yes\y1304.jpg,yes
data/yes\y1305.jpg,yes
data/yes\y1306.jpg,yes
data/yes\y1307.jpg,yes
data/yes\y1308.jpg,yes
data/yes\y1309.jpg,yes
data/yes\y131.jpg,yes
data/yes\y1310.jpg,yes
data/yes\y1311.jpg,yes
data/yes\y1312.jpg,yes
data/yes\y1313.jpg,yes
data/yes\y1314.jpg,yes
data/yes\y1315.jpg,yes
data/yes\y1316.jpg,yes
data/yes\y1317.jpg,yes
data/yes\y1318.jpg,yes
data/yes\y1319.jpg,yes
data/yes\y132.jpg,yes
data/yes\y1320.jpg,yes
data/yes\y1321.jpg,yes
data/yes\y1322.jpg,yes
data/yes\y1323.jpg,yes
data/yes\y1324.jpg,yes
data/yes\y1325.jpg,yes
data/yes\y1326.jpg,yes
data/yes\y1327.jpg,yes
data/yes\y1328.jpg,yes
data/yes\y1329.jpg,yes
data/yes\y133.jpg,yes
data/yes\y1330.jpg,yes
data/yes\y1331.jpg,yes
data/yes\y1332.jpg,yes
data/yes\y1333.jpg,yes
data/yes\y1334.jpg,yes
data/yes\y1335.jpg,yes
data/yes\y1336.jpg,yes
data/yes\y1337.jpg,yes
data/yes\y1338.jpg,yes
data/yes\y1339.jpg,yes
data/yes\y134.jpg,yes
data/yes\y1340.jpg,yes
data/yes\y1341.jpg,yes
data/yes\y1342.jpg,yes
data/yes\y1343.jpg,yes
data/yes\y1344.jpg,yes
data/yes\y1345.jpg,yes
data/yes\y1346.jpg,yes
data/yes\y1347.jpg,yes
data/yes\y1348.jpg,yes
data/yes\y1349.jpg,yes
data/yes\y135.jpg,yes
data/yes\y1350.jpg,yes
data/yes\y1351.jpg,yes
data/yes\y1352.jpg,yes
data/yes\y1353.jpg,yes
data/yes\y1354.jpg,yes
data/yes\y1355.jpg,yes
data/yes\y1356.jpg,yes
data/yes\y1357.jpg,yes
data/yes\y1358.jpg,yes
data/yes\y1359.jpg,yes
data/yes\y136.jpg,yes
data/yes\y1360.jpg,yes
data/yes\y1361.jpg,yes
data/yes\y1362.jpg,yes
data/yes\y1363.jpg,yes
data/yes\y1364.jpg,yes
data/yes\y1365.jpg,yes
data/yes\y1366.jpg,yes
data/yes\y1367.jpg,yes
data/yes\y1368.jpg,yes
data/yes\y1369.jpg,yes
data/yes\y137.jpg,yes
data/yes\y1370.jpg,yes
data/yes\y1371.jpg,yes
data/yes\y1372.jpg,yes
data/yes\y1373.jpg,yes
data/yes\y1374.jpg,yes
data/yes\y1375.jpg,yes
data/yes\y1376.jpg,yes
data/yes\y1377.jpg,yes
data/yes\y1378.jpg,yes
data/yes\y1379.jpg,yes
data/yes\y138.jpg,yes
data/yes\y1380.jpg,yes
data/yes\y1381.jpg,yes
data/yes\y1382.jpg,yes
data/yes\y1383.jpg,yes
data/yes\y1384.jpg,yes
data/yes\y1385.jpg,yes
data/yes\y1386.jpg,yes
data/yes\y1387.jpg,yes
data/yes\y1388.jpg,yes
data/yes\y1389.jpg,yes
data/yes\y139.jpg,yes
data/yes\y1390.jpg,yes
data/yes\y1391.jpg,yes
data/yes\y1392.jpg,yes
data/yes\y1393.jpg,yes
data/yes\y1394.jpg,yes
data/yes\y1395.jpg,yes
data/yes\y1396.jpg,yes
data/yes\y1397.jpg,yes
data/yes\y1398.jpg,yes
data/yes\y1399.jpg,yes
data/yes\y14.jpg,yes
data/yes\y140.jpg,yes
data/yes\y1400.jpg,yes
data/yes\y1401.jpg,yes
data/yes\y1402.jpg,yes
data/yes\y1403.jpg,yes
data/yes\y1404.jpg,yes
data/yes\y1405.jpg,yes
data/yes\y1406.jpg,yes
data/yes\y1407.jpg,yes
data/yes\y1408.jpg,yes
data/yes\y1409.jpg,yes
data/yes\y141.jpg,yes
data/yes\y1410.jpg,yes
data/yes\y1411.jpg,yes
data/yes\y1412.jpg,yes
data/yes\y1413.jpg,yes
data/yes\y1414.jpg,yes
data/yes\y1415.jpg,yes
data/yes\y1416.jpg,yes
data/yes\y1417.jpg,yes
data/yes\y1418.jpg,yes
data/yes\y1419.jpg,yes
data/yes\y142.jpg,yes
data/yes\y1420.jpg,yes
data/yes\y1421.jpg,yes
data/yes\y1422.jpg,yes
data/yes\y1423.jpg,yes
data/yes\y1424.jpg,yes
data/yes\y1425.jpg,yes
data/yes\y1426.jpg,yes
data/yes\y1427.jpg,yes
data/yes\y1428.jpg,yes
data/yes\y1429.jpg,yes
data/yes\y143.jpg,yes
data/yes\y1430.jpg,yes
data/yes\y1431.jpg,yes
data/yes\y1432.jpg,yes
data/yes\y1433.jpg,yes
data/yes\y1434.jpg,yes
data/yes\y1435.jpg,yes
data/yes\y1436.jpg,yes
data/yes\y1437.jpg,yes
data/yes\y1438.jpg,yes
data/yes\y1439.jpg,yes
data/yes\y144.jpg,yes
data/yes\y1440.jpg,yes
data/yes\y1441.jpg,yes
data/yes\y1442.jpg,yes
data/yes\y1443.jpg,yes
data/yes\y1444.jpg,yes
data/yes\y1445.jpg,yes
data/yes\y1446.jpg,yes
data/yes\y1447.jpg,yes
data/yes\y1448.jpg,yes
data/yes\y1449.jpg,yes
data/yes\y145.jpg,yes
data/yes\y1450.jpg,yes
data/yes\y1451.jpg,yes
data/yes\y1452.jpg,yes
data/yes\y1453.jpg,yes
data/yes\y1454.jpg,yes
data/yes\y1455.jpg,yes
data/yes\y1456.jpg,yes
data/yes\y1457.jpg,yes
data/yes\y1458.jpg,yes
data/yes\y1459.jpg,yes
data/yes\y146.jpg,yes
data/yes\y1460.jpg,yes
data/yes\y1461.jpg,yes
data/yes\y1462.jpg,yes
data/yes\y1463.jpg,yes
data/yes\y1464.jpg,yes
data/yes\y1465.jpg,yes
data/yes\y1466.jpg,yes
data/yes\y1467.jpg,yes
data/yes\y1468.jpg,yes
data/yes\y1469.jpg,yes
data/yes\y147.jpg,yes
data/yes\y1470.jpg,yes
data/yes\y1471.jpg,yes
data/yes\y1472.jpg,yes
data/yes\y1473.jpg,yes
data/yes\y1474.jpg,yes
data/yes\y1475.jpg,yes
data/yes\y1476.jpg,yes
data/yes\y1477.jpg,yes
data/yes\y1478.jpg,yes
data/yes\y1479.jpg,yes
data/yes\y148.jpg,yes
data/yes\y1480.jpg,yes
data/yes\y1481.jpg,yes
data/yes\y1482.jpg,yes
data/yes\y1483.jpg,yes
data/yes\y1484.jpg,yes
data/yes\y1485.jpg,yes
data/yes\y1486.jpg,yes
data/yes\y1487.jpg,yes
data/yes\y1488.jpg,yes
data/yes\y1489.jpg,yes
data/yes\y149.jpg,yes
data/yes\y1490.jpg,yes
data/yes\y1491.jpg,yes
data/yes\y1492.jpg,yes
data/yes\y1493.jpg,yes
data/yes\y1494.jpg,yes
data/yes\y1495.jpg,yes
data/yes\y1496.jpg,yes
data/yes\y1497.jpg,yes
data/yes\y1498.jpg,yes
data/yes\y1499.jpg,yes
data/yes\y15.jpg,yes
data/yes\y150.jpg,yes
data/yes\y151.jpg,yes
data/yes\y152.jpg,yes
data/yes\y153.jpg,yes
data/yes\y154.jpg,yes
data/yes\y155.jpg,yes
data/yes\y156.jpg,yes
data/yes\y157.jpg,yes
data/yes\y158.jpg,yes
data/yes\y159.jpg,yes
data/yes\y16.jpg,yes
data/yes\y160.jpg,yes
data/yes\y161.jpg,yes
data/yes\y162.jpg,yes
data/yes\y163.jpg,yes
data/yes\y164.jpg,yes
data/yes\y165.jpg,yes
data/yes\y166.jpg,yes
data/yes\y167.jpg,yes
data/yes\y168.jpg,yes
data/yes\y169.jpg,yes
data/yes\y17.jpg,yes
data/yes\y170.jpg,yes
data/yes\y171.jpg,yes
data/yes\y172.jpg,yes
data/yes\y173.jpg,yes
data/yes\y174.jpg,yes
data/yes\y175.jpg,yes
data/yes\y176.jpg,yes
data/yes\y177.jpg,yes
data/yes\y178.jpg,yes
data/yes\y179.jpg,yes
data/yes\y18.jpg,yes
data/yes\y180.jpg,yes
data/yes\y181.jpg,yes
data/yes\y182.jpg,yes
data/yes\y183.jpg,yes
data/yes\y184.jpg,yes
data/yes\y185.jpg,yes
data/yes\y186.jpg,yes
data/yes\y187.jpg,yes
data/yes\y188.jpg,yes
data/yes\y189.jpg,yes
data/yes\y19.jpg,yes
data/yes\y190.jpg,yes
data/yes\y191.jpg,yes
data/yes\y192.jpg,yes
data/yes\y193.jpg,yes
data/yes\y194.jpg,yes
data/yes\y195.jpg,yes
data/yes\y196.jpg,yes
data/yes\y197.jpg,yes
data/yes\y198.jpg,yes
data/yes\y199.jpg,yes
data/yes\y2.jpg,yes
data/yes\y20.jpg,yes
data/yes\y200.jpg,yes
data/yes\y201.jpg,yes
data/yes\y202.jpg,yes
data/yes\y203.jpg,yes
data/yes\y204.jpg,yes
data/yes\y205.jpg,yes
data/yes\y206.jpg,yes
data/yes\y207.jpg,yes
data/yes\y208.jpg,yes
data/yes\y209.jpg,yes
data/yes\y21.jpg,yes
data/yes\y210.jpg,yes
data/yes\y211.jpg,yes
data/yes\y212.jpg,yes
data/yes\y213.jpg,yes
data/yes\y214.jpg,yes
data/yes\y215.jpg,yes
data/yes\y216.jpg,yes
data/yes\y217.jpg,yes
data/yes\y218.jpg,yes
data/yes\y219.jpg,yes
data/yes\y22.jpg,yes
data/yes\y220.jpg,yes
data/yes\y221.jpg,yes
data/yes\y222.jpg,yes
data/yes\y223.jpg,yes
data/yes\y224.jpg,yes
data/yes\y225.jpg,yes
data/yes\y226.jpg,yes
data/yes\y227.jpg,yes
data/yes\y228.jpg,yes
data/yes\y229.jpg,yes
data/yes\y23.jpg,yes
data/yes\y230.jpg,yes
data/yes\y231.jpg,yes
data/yes\y232.jpg,yes
data/yes\y233.jpg,yes
data/yes\y234.jpg,yes
data/yes\y235.jpg,yes
data/yes\y236.jpg,yes
data/yes\y237.jpg,yes
data/yes\y238.jpg,yes
data/yes\y239.jpg,yes
data/yes\y24.jpg,yes
data/yes\y240.jpg,yes
data/yes\y241.jpg,yes
data/yes\y242.jpg,yes
data/yes\y243.jpg,yes
data/yes\y244.jpg,yes
data/yes\y245.jpg,yes
data/yes\y246.jpg,yes
data/yes\y247.jpg,yes
data/yes\y248.jpg,yes
data/yes\y249.jpg,yes
data/yes\y25.jpg,yes
data/yes\y250.jpg,yes
data/yes\y251.jpg,yes
data/yes\y252.jpg,yes
data/yes\y253.jpg,yes
data/yes\y254.jpg,yes
data/yes\y255.jpg,yes
data/yes\y256.jpg,yes
data/yes\y257.jpg,yes
data/yes\y258.jpg,yes
data/yes\y259.jpg,yes
data/yes\y26.jpg,yes
data/yes\y260.jpg,yes
data/yes\y261.jpg,yes
data/yes\y262.jpg,yes
data/yes\y263.jpg,yes
data/yes\y264.jpg,yes
data/yes\y265.jpg,yes
data/yes\y266.jpg,yes
data/yes\y267.jpg,yes
data/yes\y268.jpg,yes
data/yes\y269.jpg,yes
data/yes\y27.jpg,yes
data/yes\y270.jpg,yes
data/yes\y271.jpg,yes
data/yes\y272.jpg,yes
data/yes\y273.jpg,yes
data/yes\y274.jpg,yes
data/yes\y275.jpg,yes
data/yes\y276.jpg,yes
data/yes\y277.jpg,yes
data/yes\y278.jpg,yes
data/yes\y279.jpg,yes
data/yes\y28.jpg,yes
data/yes\y280.jpg,yes
data/yes\y281.jpg,yes
data/yes\y282.jpg,yes
data/yes\y283.jpg,yes
data/yes\y284.jpg,yes
data/yes\y285.jpg,yes
data/yes\y286.jpg,yes
data/yes\y287.jpg,yes
data/yes\y288.jpg,yes
data/yes\y289.jpg,yes
data/yes\y29.jpg,yes
data/yes\y290.jpg,yes
data/yes\y291.jpg,yes
data/yes\y292.jpg,yes
data/yes\y293.jpg,yes
data/yes\y294.jpg,yes
data/yes\y295.jpg,yes
data/yes\y296.jpg,yes
data/yes\y297.jpg,yes
data/yes\y298.jpg,yes
data/yes\y299.jpg,yes
data/yes\y3.jpg,yes
data/yes\y30.jpg,yes
data/yes\y300.jpg,yes
data/yes\y301.jpg,yes
data/yes\y302.jpg,yes
data/yes\y303.jpg,yes
data/yes\y304.jpg,yes
data/yes\y305.jpg,yes
data/yes\y306.jpg,yes
data/yes\y307.jpg,yes
data/yes\y308.jpg,yes
data/yes\y309.jpg,yes
data/yes\y31.jpg,yes
data/yes\y310.jpg,yes
data/yes\y311.jpg,yes
data/yes\y312.jpg,yes
data/yes\y313.jpg,yes
data/yes\y314.jpg,yes
data/yes\y315.jpg,yes
data/yes\y316.jpg,yes
data/yes\y317.jpg,yes
data/yes\y318.jpg,yes
data/yes\y319.jpg,yes
data/yes\y32.jpg,yes
data/yes\y320.jpg,yes
data/yes\y321.jpg,yes
data/yes\y322.jpg,yes
data/yes\y323.jpg,yes
data/yes\y324.jpg,yes
data/yes\y325.jpg,yes
data/yes\y326.jpg,yes
data/yes\y327.jpg,yes
data/yes\y328.jpg,yes
data/yes\y329.jpg,yes
data/yes\y33.jpg,yes
data/yes\y330.jpg,yes
data/yes\y331.jpg,yes
data/yes\y332.jpg,yes
data/yes\y333.jpg,yes
data/yes\y334.jpg,yes
data/yes\y335.jpg,yes
data/yes\y336.jpg,yes
data/yes\y337.jpg,yes
data/yes\y338.jpg,yes
data/yes\y339.jpg,yes
data/yes\y34.jpg,yes
data/yes\y340.jpg,yes
data/yes\y341.jpg,yes
data/yes\y342.jpg,yes
data/yes\y343.jpg,yes
data/yes\y344.jpg,yes
data/yes\y345.jpg,yes
data/yes\y346.jpg,yes
data/yes\y347.jpg,yes
data/yes\y348.jpg,yes
data/yes\y349.jpg,yes
data/yes\y35.jpg,yes
data/yes\y350.jpg,yes
data/yes\y351.jpg,yes
data/yes\y352.jpg,yes
data/yes\y353.jpg,yes
data/yes\y354.jpg,yes
data/yes\y355.jpg,yes
data/yes\y356.jpg,yes
data/yes\y357.jpg,yes
data/yes\y358.jpg,yes
data/yes\y359.jpg,yes
data/yes\y36.jpg,yes
data/yes\y360.jpg,yes
data/yes\y361.jpg,yes
data/yes\y362.jpg,yes
data/yes\y363.jpg,yes
data/yes\y364.jpg,yes
data/yes\y365.jpg,yes
data/yes\y366.jpg,yes
data/yes\y367.jpg,yes
data/yes\y368.jpg,yes
data/yes\y369.jpg,yes
data/yes\y37.jpg,yes
data/yes\y370.jpg,yes
data/yes\y371.jpg,yes
data/yes\y372.jpg,yes
data/yes\y373.jpg,yes
data/yes\y374.jpg,yes
data/yes\y375.jpg,yes
data/yes\y376.jpg,yes
data/yes\y377.jpg,yes
data/yes\y378.jpg,yes
data/yes\y379.jpg,yes
data/yes\y38.jpg,yes
data/yes\y380.jpg,yes
data/yes\y381.jpg,yes
data/yes\y382.jpg,yes
data/yes\y383.jpg,yes
data/yes\y384.jpg,yes
data/yes\y385.jpg,yes
data/yes\y386.jpg,yes
data/yes\y387.jpg,yes
data/yes\y388.jpg,yes
data/yes\y389.jpg,yes
data/yes\y39.jpg,yes
data/yes\y390.jpg,yes
data/yes\y391.jpg,yes
data/yes\y392.jpg,yes
data/yes\y393.jpg,yes
data/yes\y394.jpg,yes
data/yes\y395.jpg,yes
data/yes\y396.jpg,yes
data/yes\y397.jpg,yes
data/yes\y398.jpg,yes
data/yes\y399.jpg,yes
data/yes\y4.jpg,yes
data/yes\y40.jpg,yes
data/yes\y400.jpg,yes
data/yes\y401.jpg,yes
data/yes\y402.jpg,yes
data/yes\y403.jpg,yes
data/yes\y404.jpg,yes
data/yes\y405.jpg,yes
data/yes\y406.jpg,yes
data/yes\y407.jpg,yes
data/yes\y408.jpg,yes
data/yes\y409.jpg,yes
data/yes\y41.jpg,yes
data/yes\y410.jpg,yes
data/yes\y411.jpg,yes
data/yes\y412.jpg,yes
data/yes\y413.jpg,yes
data/yes\y414.jpg,yes
data/yes\y415.jpg,yes
data/yes\y416.jpg,yes
data/yes\y417.jpg,yes
data/yes\y418.jpg,yes
data/yes\y419.jpg,yes
data/yes\y42.jpg,yes
data/yes\y420.jpg,yes
data/yes\y421.jpg,yes
data/yes\y422.jpg,yes
data/yes\y423.jpg,yes
data/yes\y424.jpg,yes
data/yes\y425.jpg,yes
data/yes\y426.jpg,yes
data/yes\y427.jpg,yes
data/yes\y428.jpg,yes
data/yes\y429.jpg,yes
data/yes\y43.jpg,yes
data/yes\y430.jpg,yes
data/yes\y431.jpg,yes
data/yes\y432.jpg,yes
data/yes\y433.jpg,yes
data/yes\y434.jpg,yes
data/yes\y435.jpg,yes
data/yes\y436.jpg,yes
data/yes\y437.jpg,yes
data/yes\y438.jpg,yes
data/yes\y439.jpg,yes
data/yes\y44.jpg,yes
data/yes\y440.jpg,yes
data/yes\y441.jpg,yes
data/yes\y442.jpg,yes
data/yes\y443.jpg,yes
data/yes\y444.jpg,yes
data/yes\y445.jpg,yes
data/yes\y446.jpg,yes
data/yes\y447.jpg,yes
data/yes\y448.jpg,yes
data/yes\y449.jpg,yes
data/yes\y45.jpg,yes
data/yes\y450.jpg,yes
data/yes\y451.jpg,yes
data/yes\y452.jpg,yes
data/yes\y453.jpg,yes
data/yes\y454.jpg,yes
data/yes\y455.jpg,yes
data/yes\y456.jpg,yes
data/yes\y457.jpg,yes
data/yes\y458.jpg,yes
data/yes\y459.jpg,yes
data/yes\y46.jpg,yes
data/yes\y460.jpg,yes
data/yes\y461.jpg,yes
data/yes\y462.jpg,yes
data/yes\y463.jpg,yes
data/yes\y464.jpg,yes
data/yes\y465.jpg,yes
data/yes\y466.jpg,yes
data/yes\y467.jpg,yes
data/yes\y468.jpg,yes
data/yes\y469.jpg,yes
data/yes\y47.jpg,yes
data/yes\y470.jpg,yes
data/yes\y471.jpg,yes
data/yes\y472.jpg,yes
data/yes\y473.jpg,yes
data/yes\y474.jpg,yes
data/yes\y475.jpg,yes
data/yes\y476.jpg,yes
data/yes\y477.jpg,yes
data/yes\y478.jpg,yes
data/yes\y479.jpg,yes
data/yes\y48.jpg,yes
data/yes\y480.jpg,yes
data/yes\y481.jpg,yes
data/yes\y482.jpg,yes
data/yes\y483.jpg,yes
data/yes\y484.jpg,yes
data/yes\y485.jpg,yes
data/yes\y486.jpg,yes
data/yes\y487.jpg,yes
data/yes\y488.jpg,yes
data/yes\y489.jpg,yes
data/yes\y49.jpg,yes
data/yes\y490.jpg,yes
data/yes\y491.jpg,yes
data/yes\y492.jpg,yes
data/yes\y493.jpg,yes
data/yes\y494.jpg,yes
data/yes\y495.jpg,yes
data/yes\y496.jpg,yes
data/yes\y497.jpg,yes
data/yes\y498.jpg,yes
data/yes\y499.jpg,yes
data/yes\y5.jpg,yes
data/yes\y50.jpg,yes
data/yes\y500.jpg,yes
data/yes\y501.jpg,yes
data/yes\y502.jpg,yes
data/yes\y503.jpg,yes
data/yes\y504.jpg,yes
data/yes\y505.jpg,yes
data/yes\y506.jpg,yes
data/yes\y507.jpg,yes
data/yes\y508.jpg,yes
data/yes\y509.jpg,yes
data/yes\y51.jpg,yes
data/yes\y510.jpg,yes
data/yes\y511.jpg,yes
data/yes\y512.jpg,yes
data/yes\y513.jpg,yes
data/yes\y514.jpg,yes
data/yes\y515.jpg,yes
data/yes\y516.jpg,yes
data/yes\y517.jpg,yes
data/yes\y518.jpg,yes
data/yes\y519.jpg,yes
data/yes\y52.jpg,yes
data/yes\y520.jpg,yes
data/yes\y521.jpg,yes
data/yes\y522.jpg,yes
data/yes\y523.jpg,yes
data/yes\y524.jpg,yes
data/yes\y525.jpg,yes
data/yes\y526.jpg,yes
data/yes\y527.jpg,yes
data/yes\y528.jpg,yes
data/yes\y529.jpg,yes
data/yes\y53.jpg,yes
data/yes\y530.jpg,yes
data/yes\y531.jpg,yes
data/yes\y532.jpg,yes
data/yes\y533.jpg,yes
data/yes\y534.jpg,yes
data/yes\y535.jpg,yes
data/yes\y536.jpg,yes
data/yes\y537.jpg,yes
data/yes\y538.jpg,yes
data/yes\y539.jpg,yes
data/yes\y54.jpg,yes
data/yes\y540.jpg,yes
data/yes\y541.jpg,yes
data/yes\y542.jpg,yes
data/yes\y543.jpg,yes
data/yes\y544.jpg,yes
data/yes\y545.jpg,yes
data/yes\y546.jpg,yes
data/yes\y547.jpg,yes
data/yes\y548.jpg,yes
data/yes\y549.jpg,yes
data/yes\y55.jpg,yes
data/yes\y550.jpg,yes
data/yes\y551.jpg,yes
data/yes\y552.jpg,yes
data/yes\y553.jpg,yes
data/yes\y554.jpg,yes
data/yes\y555.jpg,yes
data/yes\y556.jpg,yes
data/yes\y557.jpg,yes
data/yes\y558.jpg,yes
data/yes\y559.jpg,yes
data/yes\y56.jpg,yes
data/yes\y560.jpg,yes
data/yes\y561.jpg,yes
data/yes\y562.jpg,yes
data/yes\y563.jpg,yes
data/yes\y564.jpg,yes
data/yes\y565.jpg,yes
data/yes\y566.jpg,yes
data/yes\y567.jpg,yes
data/yes\y568.jpg,yes
data/yes\y569.jpg,yes
data/yes\y57.jpg,yes
data/yes\y570.jpg,yes
data/yes\y571.jpg,yes
data/yes\y572.jpg,yes
data/yes\y573.jpg,yes
data/yes\y574.jpg,yes
data/yes\y575.jpg,yes
data/yes\y576.jpg,yes
data/yes\y577.jpg,yes
data/yes\y578.jpg,yes
data/yes\y579.jpg,yes
data/yes\y58.jpg,yes
data/yes\y580.jpg,yes
data/yes\y581.jpg,yes
data/yes\y582.jpg,yes
data/yes\y583.jpg,yes
data/yes\y584.jpg,yes
data/yes\y585.jpg,yes
data/yes\y586.jpg,yes
data/yes\y587.jpg,yes
data/yes\y588.jpg,yes
data/yes\y589.jpg,yes
data/yes\y59.jpg,yes
data/yes\y590.jpg,yes
data/yes\y591.jpg,yes
data/yes\y592.jpg,yes
data/yes\y593.jpg,yes
data/yes\y594.jpg,yes
data/yes\y595.jpg,yes
data/yes\y596.jpg,yes
data/yes\y597.jpg,yes
data/yes\y598.jpg,yes
data/yes\y599.jpg,yes
data/yes\y6.jpg,yes
data/yes\y60.jpg,yes
data/yes\y600.jpg,yes
data/yes\y601.jpg,yes
data/yes\y602.jpg,yes
data/yes\y603.jpg,yes
data/yes\y604.jpg,yes
data/yes\y605.jpg,yes
data/yes\y606.jpg,yes
data/yes\y607.jpg,yes
data/yes\y608.jpg,yes
data/yes\y609.jpg,yes
data/yes\y61.jpg,yes
data/yes\y610.jpg,yes
data/yes\y611.jpg,yes
data/yes\y612.jpg,yes
data/yes\y613.jpg,yes
data/yes\y614.jpg,yes
data/yes\y615.jpg,yes
data/yes\y616.jpg,yes
data/yes\y617.jpg,yes
data/yes\y618.jpg,yes
data/yes\y619.jpg,yes
data/yes\y62.jpg,yes
data/yes\y620.jpg,yes
data/yes\y621.jpg,yes
data/yes\y622.jpg,yes
data/yes\y623.jpg,yes
data/yes\y624.jpg,yes
data/yes\y625.jpg,yes
data/yes\y626.jpg,yes
data/yes\y627.jpg,yes
data/yes\y628.jpg,yes
data/yes\y629.jpg,yes
data/yes\y63.jpg,yes
data/yes\y630.jpg,yes
data/yes\y631.jpg,yes
data/yes\y632.jpg,yes
data/yes\y633.jpg,yes
data/yes\y634.jpg,yes
data/yes\y635.jpg,yes
data/yes\y636.jpg,yes
data/yes\y637.jpg,yes
data/yes\y638.jpg,yes
data/yes\y639.jpg,yes
data/yes\y64.jpg,yes
data/yes\y640.jpg,yes
data/yes\y641.jpg,yes
data/yes\y642.jpg,yes
data/yes\y643.jpg,yes
data/yes\y644.jpg,yes
data/yes\y645.jpg,yes
data/yes\y646.jpg,yes
data/yes\y647.jpg,yes
data/yes\y648.jpg,yes
data/yes\y649.jpg,yes
data/yes\y65.jpg,yes
data/yes\y650.jpg,yes
data/yes\y651.jpg,yes
data/yes\y652.jpg,yes
data/yes\y653.jpg,yes
data/yes\y654.jpg,yes
data/yes\y655.jpg,yes
data/yes\y656.jpg,yes
data/yes\y657.jpg,yes
data/yes\y658.jpg,yes
data/yes\y659.jpg,yes
data/yes\y66.jpg,yes
data/yes\y660.jpg,yes
data/yes\y661.jpg,yes
data/yes\y662.jpg,yes
data/yes\y663.jpg,yes
data/yes\y664.jpg,yes
data/yes\y665.jpg,yes
data/yes\y666.jpg,yes
data/yes\y667.jpg,yes
data/yes\y668.jpg,yes
data/yes\y669.jpg,yes
data/yes\y67.jpg,yes
data/yes\y670.jpg,yes
data/yes\y671.jpg,yes
data/yes\y672.jpg,yes
data/yes\y673.jpg,yes
data/yes\y674.jpg,yes
data/yes\y675.jpg,yes
data/yes\y676.jpg,yes
data/yes\y677.jpg,yes
data/yes\y678.jpg,yes
data/yes\y679.jpg,yes
data/yes\y68.jpg,yes
data/yes\y680.jpg,yes
data/yes\y681.jpg,yes
data/yes\y682.jpg,yes
data/yes\y683.jpg,yes
data/yes\y684.jpg,yes
data/yes\y685.jpg,yes
data/yes\y686.jpg,yes
data/yes\y687.jpg,yes
data/yes\y688.jpg,yes
data/yes\y689.jpg,yes
data/yes\y69.jpg,yes
data/yes\y690.jpg,yes
data/yes\y691.jpg,yes
data/yes\y692.jpg,yes
data/yes\y693.jpg,yes
data/yes\y694.jpg,yes
data/yes\y695.jpg,yes
data/yes\y696.jpg,yes
data/yes\y697.jpg,yes
data/yes\y698.jpg,yes
data/yes\y699.jpg,yes
data/yes\y7.jpg,yes
data/yes\y70.jpg,yes
data/yes\y700.jpg,yes
data/yes\y701.jpg,yes
data/yes\y702.jpg,yes
data/yes\y703.jpg,yes
data/yes\y704.jpg,yes
data/yes\y705.jpg,yes
data/yes\y706.jpg,yes
data/yes\y707.jpg,yes
data/yes\y708.jpg,yes
data/yes\y709.jpg,yes
data/yes\y71.jpg,yes
data/yes\y710.jpg,yes
data/yes\y711.jpg,yes
data/yes\y712.jpg,yes
data/yes\y713.jpg,yes
data/yes\y714.jpg,yes
data/yes\y715.jpg,yes
data/yes\y716.jpg,yes
data/yes\y717.jpg,yes
data/yes\y718.jpg,yes
data/yes\y719.jpg,yes
data/yes\y72.jpg,yes
data/yes\y720.jpg,yes
data/yes\y721.jpg,yes
data/yes\y722.jpg,yes
data/yes\y723.jpg,yes
data/yes\y724.jpg,yes
data/yes\y725.jpg,yes
data/yes\y726.jpg,yes
data/yes\y727.jpg,yes
data/yes\y728.jpg,yes
data/yes\y729.jpg,yes
data/yes\y73.jpg,yes
data/yes\y730.jpg,yes
data/yes\y731.jpg,yes
data/yes\y732.jpg,yes
data/yes\y733.jpg,yes
data/yes\y734.jpg,yes
data/yes\y735.jpg,yes
data/yes\y736.jpg,yes
data/yes\y737.jpg,yes
data/yes\y738.jpg,yes
data/yes\y739.jpg,yes
data/yes\y74.jpg,yes
data/yes\y740.jpg,yes
data/yes\y741.jpg,yes
data/yes\y742.jpg,yes
data/yes\y743.jpg,yes
data/yes\y744.jpg,yes
data/yes\y745.jpg,yes
data/yes\y746.jpg,yes
data/yes\y747.jpg,yes
data/yes\y748.jpg,yes
data/yes\y749.jpg,yes
data/yes\y75.jpg,yes
data/yes\y750.jpg,yes
data/yes\y751.jpg,yes
data/yes\y752.jpg,yes
data/yes\y753.jpg,yes
data/yes\y754.jpg,yes
data/yes\y755.jpg,yes
data/yes\y756.jpg,yes
data/yes\y757.jpg,yes
data/yes\y758.jpg,yes
data/yes\y759.jpg,yes
data/yes\y76.jpg,yes
data/yes\y760.jpg,yes
data/yes\y761.jpg,yes
data/yes\y762.jpg,yes
data/yes\y763.jpg,yes
data/yes\y764.jpg,yes
data/yes\y765.jpg,yes
data/yes\y766.jpg,yes
data/yes\y767.jpg,yes
data/yes\y768.jpg,yes
data/yes\y769.jpg,yes
data/yes\y77.jpg,yes
data/yes\y770.jpg,yes
data/yes\y771.jpg,yes
data/yes\y772.jpg,yes
data/yes\y773.jpg,yes
data/yes\y774.jpg,yes
data/yes\y775.jpg,yes
data/yes\y776.jpg,yes
data/yes\y777.jpg,yes
data/yes\y778.jpg,yes
data/yes\y779.jpg,yes
data/yes\y78.jpg,yes
data/yes\y780.jpg,yes
data/yes\y781.jpg,yes
data/yes\y782.jpg,yes
data/yes\y783.jpg,yes
data/yes\y784.jpg,yes
data/yes\y785.jpg,yes
data/yes\y786.jpg,yes
data/yes\y787.jpg,yes
data/yes\y788.jpg,yes
data/yes\y789.jpg,yes
data/yes\y79.jpg,yes
data/yes\y790.jpg,yes
data/yes\y791.jpg,yes
data/yes\y792.jpg,yes
data/yes\y793.jpg,yes
data/yes\y794.jpg,yes
data/yes\y795.jpg,yes
data/yes\y796.jpg,yes
data/yes\y797.jpg,yes
data/yes\y798.jpg,yes
data/yes\y799.jpg,yes
data/yes\y8.jpg,yes
data/yes\y80.jpg,yes
data/yes\y800.jpg,yes
data/yes\y801.jpg,yes
data/yes\y802.jpg,yes
data/yes\y803.jpg,yes
data/yes\y804.jpg,yes
data/yes\y805.jpg,yes
data/yes\y806.jpg,yes
data/yes\y807.jpg,yes
data/yes\y808.jpg,yes
data/yes\y809.jpg,yes
data/yes\y81.jpg,yes
data/yes\y810.jpg,yes
data/yes\y811.jpg,yes
data/yes\y812.jpg,yes
data/yes\y813.jpg,yes
data/yes\y814.jpg,yes
data/yes\y815.jpg,yes
data/yes\y816.jpg,yes
data/yes\y817.jpg,yes
data/yes\y818.jpg,yes
data/yes\y819.jpg,yes
data/yes\y82.jpg,yes
data/yes\y820.jpg,yes
data/yes\y821.jpg,yes
data/yes\y822.jpg,yes
data/yes\y823.jpg,yes
data/yes\y824.jpg,yes
data/yes\y825.jpg,yes
data/yes\y826.jpg,yes
data/yes\y827.jpg,yes
data/yes\y828.jpg,yes
data/yes\y829.jpg,yes
data/yes\y83.jpg,yes
data/yes\y830.jpg,yes
data/yes\y831.jpg,yes
data/yes\y832.jpg,yes
data/yes\y833.jpg,yes
data/yes\y834.jpg,yes
data/yes\y835.jpg,yes
data/yes\y836.jpg,yes
data/yes\y837.jpg,yes
data/yes\y838.jpg,yes
data/yes\y839.jpg,yes
data/yes\y84.jpg,yes
data/yes\y840.jpg,yes
data/yes\y841.jpg,yes
data/yes\y842.jpg,yes
data/yes\y843.jpg,yes
data/yes\y844.jpg,yes
data/yes\y845.jpg,yes
data/yes\y846.jpg,yes
data/yes\y847.jpg,yes
data/yes\y848.jpg,yes
data/yes\y849.jpg,yes
data/yes\y85.jpg,yes
data/yes\y850.jpg,yes
data/yes\y851.jpg,yes
data/yes\y852.jpg,yes
data/yes\y853.jpg,yes
data/yes\y854.jpg,yes
data/yes\y855.jpg,yes
data/yes\y856.jpg,yes
data/yes\y857.jpg,yes
data/yes\y858.jpg,yes
data/yes\y859.jpg,yes
data/yes\y86.jpg,yes
data/yes\y860.jpg,yes
data/yes\y861.jpg,yes
data/yes\y862.jpg,yes
data/yes\y863.jpg,yes
data/yes\y864.jpg,yes
data/yes\y865.jpg,yes
data/yes\y866.jpg,yes
data/yes\y867.jpg,yes
data/yes\y868.jpg,yes
data/yes\y869.jpg,yes
data/yes\y87.jpg,yes
data/yes\y870.jpg,yes
data/yes\y871.jpg,yes
data/yes\y872.jpg,yes
data/yes\y873.jpg,yes
data/yes\y874.jpg,yes
data/yes\y875.jpg,yes
data/yes\y876.jpg,yes
data/yes\y877.jpg,yes
data/yes\y878.jpg,yes
data/yes\y879.jpg,yes
data/yes\y88.jpg,yes
data/yes\y880.jpg,yes
data/yes\y881.jpg,yes
data/yes\y882.jpg,yes
data/yes\y883.jpg,yes
data/yes\y884.jpg,yes
data/yes\y885.jpg,yes
data/yes\y886.jpg,yes
data/yes\y887.jpg,yes
data/yes\y888.jpg,yes
data/yes\y889.jpg,yes
data/yes\y89.jpg,yes
data/yes\y890.jpg,yes
data/yes\y891.jpg,yes
data/yes\y892.jpg,yes
data/yes\y893.jpg,yes
data/yes\y894.jpg,yes
data/yes\y895.jpg,yes
data/yes\y896.jpg,yes
data/yes\y897.jpg,yes
data/yes\y898.jpg,yes
data/yes\y899.jpg,yes
data/yes\y9.jpg,yes
data/yes\y90.jpg,yes
data/yes\y900.jpg,yes
data/yes\y901.jpg,yes
data/yes\y902.jpg,yes
data/yes\y903.jpg,yes
data/yes\y904.jpg,yes
data/yes\y905.jpg,yes
data/yes\y906.jpg,yes
data/yes\y907.jpg,yes
data/yes\y908.jpg,yes
data/yes\y909.jpg,yes
data/yes\y91.jpg,yes
data/yes\y910.jpg,yes
data/yes\y911.jpg,yes
data/yes\y912.jpg,yes
data/yes\y913.jpg,yes
data/yes\y914.jpg,yes
data/yes\y915.jpg,yes
data/yes\y916.jpg,yes
data/yes\y917.jpg,yes
data/yes\y918.jpg,yes
data/yes\y919.jpg,yes
data/yes\y92.jpg,yes
data/yes\y920.jpg,yes
data/yes\y921.jpg,yes
data/yes\y922.jpg,yes
data/yes\y923.jpg,yes
data/yes\y924.jpg,yes
data/yes\y925.jpg,yes
data/yes\y926.jpg,yes
data/yes\y927.jpg,yes
data/yes\y928.jpg,yes
data/yes\y929.jpg,yes
data/yes\y93.jpg,yes
data/yes\y930.jpg,yes
data/yes\y931.jpg,yes
data/yes\y932.jpg,yes
data/yes\y933.jpg,yes
data/yes\y934.jpg,yes
data/yes\y935.jpg,yes
data/yes\y936.jpg,yes
data/yes\y937.jpg,yes
data/yes\y938.jpg,yes
data/yes\y939.jpg,yes
data/yes\y94.jpg,yes
data/yes\y940.jpg,yes
data/yes\y941.jpg,yes
data/yes\y942.jpg,yes
data/yes\y943.jpg,yes
data/yes\y944.jpg,yes
data/yes\y945.jpg,yes
data/yes\y946.jpg,yes
data/yes\y947.jpg,yes
data/yes\y948.jpg,yes
data/yes\y949.jpg,yes
data/yes\y95.jpg,yes
data/yes\y950.jpg,yes
data/yes\y951.jpg,yes
data/yes\y952.jpg,yes
data/yes\y953.jpg,yes
data/yes\y954.jpg,yes
data/yes\y955.jpg,yes
data/yes\y956.jpg,yes
data/yes\y957.jpg,yes
data/yes\y958.jpg,yes
data/yes\y959.jpg,yes
data/yes\y96.jpg,yes
data/yes\y960.jpg,yes
data/yes\y961.jpg,yes
data/yes\y962.jpg,yes
data/yes\y963.jpg,yes
data/yes\y964.jpg,yes
data/yes\y965.jpg,yes
data/yes\y966.jpg,yes
data/yes\y967.jpg,yes
data/yes\y968.jpg,yes
data/yes\y969.jpg,yes
data/yes\y97.jpg,yes
data/yes\y970.jpg,yes
data/yes\y971.jpg,yes
data/yes\y972.jpg,yes
data/yes\y973.jpg,yes
data/yes\y974.jpg,yes
data/yes\y975.jpg,yes
data/yes\y976.jpg,yes
data/yes\y977.jpg,yes
data/yes\y978.jpg,yes
data/yes\y979.jpg,yes
data/yes\y98.jpg,yes
data/yes\y980.jpg,yes
data/yes\y981.jpg,yes
data/yes\y982.jpg,yes
data/yes\y983.jpg,yes
data/yes\y984.jpg,yes
data/yes\y985.jpg,yes
data/yes\y986.jpg,yes
data/yes\y987.jpg,yes
data/yes\y988.jpg,yes
data/yes\y989.jpg,yes
data/yes\y99.jpg,yes
data/yes\y990.jpg,yes
data/yes\y991.jpg,yes
data/yes\y992.jpg,yes
data/yes\y993.jpg,yes
data/yes\y994.jpg,yes
data/yes\y995.jpg,yes
data/yes\y996.jpg,yes
data/yes\y997.jpg,yes
data/yes\y998.jpg,yes
data/yes\y999.jpg,yes
data/no\no0.jpg,no
data/no\no1.jpg,no
data/no\no10.jpg,no
data/no\no100.jpg,no
data/no\no1000.jpg,no
data/no\no1001.jpg,no
data/no\no1002.jpg,no
data/no\no1003.jpg,no
data/no\no1004.jpg,no
data/no\no1005.jpg,no
data/no\no1006.jpg,no
data/no\no1007.jpg,no
data/no\no1008.jpg,no
data/no\no1009.jpg,no
data/no\no101.jpg,no
data/no\no1010.jpg,no
data/no\no1011.jpg,no
data/no\no1012.jpg,no
data/no\no1013.jpg,no
data/no\no1014.jpg,no
data/no\no1015.jpg,no
data/no\no1016.jpg,no
data/no\no1017.jpg,no
data/no\no1018.jpg,no
data/no\no1019.jpg,no
data/no\no102.jpg,no
data/no\no1020.jpg,no
data/no\no1021.jpg,no
data/no\no1022.jpg,no
data/no\no1023.jpg,no
data/no\no1024.jpg,no
data/no\no1025.jpg,no
data/no\no1026.jpg,no
data/no\no1027.jpg,no
data/no\no1028.jpg,no
data/no\no1029.jpg,no
data/no\no103.jpg,no
data/no\no1030.jpg,no
data/no\no1031.jpg,no
data/no\no1032.jpg,no
data/no\no1033.jpg,no
data/no\no1034.jpg,no
data/no\no1035.jpg,no
data/no\no1036.jpg,no
data/no\no1037.jpg,no
data/no\no1038.jpg,no
data/no\no1039.jpg,no
data/no\no104.jpg,no
data/no\no1040.jpg,no
data/no\no1041.jpg,no
data/no\no1042.jpg,no
data/no\no1043.jpg,no
data/no\no1044.jpg,no
data/no\no1045.jpg,no
data/no\no1046.jpg,no
data/no\no1047.jpg,no
data/no\no1048.jpg,no
data/no\no1049.jpg,no
data/no\no105.jpg,no
data/no\no1050.jpg,no
data/no\no1051.jpg,no
data/no\no1052.jpg,no
data/no\no1053.jpg,no
data/no\no1054.jpg,no
data/no\no1055.jpg,no
data/no\no1056.jpg,no
data/no\no1057.jpg,no
data/no\no1058.jpg,no
data/no\no1059.jpg,no
data/no\no106.jpg,no
data/no\no1060.jpg,no
data/no\no1061.jpg,no
data/no\no1062.jpg,no
data/no\no1063.jpg,no
data/no\no1064.jpg,no
data/no\no1065.jpg,no
data/no\no1066.jpg,no
data/no\no1067.jpg,no
data/no\no1068.jpg,no
data/no\no1069.jpg,no
data/no\no107.jpg,no
data/no\no1070.jpg,no
data/no\no1071.jpg,no
data/no\no1072.jpg,no
data/no\no1073.jpg,no
data/no\no1074.jpg,no
data/no\no1075.jpg,no
data/no\no1076.jpg,no
data/no\no1077.jpg,no
data/no\no1078.jpg,no
data/no\no1079.jpg,no
data/no\no108.jpg,no
data/no\no1080.jpg,no
data/no\no1081.jpg,no
data/no\no1082.jpg,no
data/no\no1083.jpg,no
data/no\no1084.jpg,no
data/no\no1085.jpg,no
data/no\no1086.jpg,no
data/no\no1087.jpg,no
data/no\no1088.jpg,no
data/no\no1089.jpg,no
data/no\no109.jpg,no
data/no\no1090.jpg,no
data/no\no1091.jpg,no
data/no\no1092.jpg,no
data/no\no1093.jpg,no
data/no\no1094.jpg,no
data/no\no1095.jpg,no
data/no\no1096.jpg,no
data/no\no1097.jpg,no
data/no\no1098.jpg,no
data/no\no1099.jpg,no
data/no\no11.jpg,no
data/no\no110.jpg,no
data/no\no1100.jpg,no
data/no\no1101.jpg,no
data/no\no1102.jpg,no
data/no\no1103.jpg,no
data/no\no1104.jpg,no
data/no\no1105.jpg,no
data/no\no1106.jpg,no
data/no\no1107.jpg,no
data/no\no1108.jpg,no
data/no\no1109.jpg,no
data/no\no111.jpg,no
data/no\no1110.jpg,no
data/no\no1111.jpg,no
data/no\no1112.jpg,no
data/no\no1113.jpg,no
data/no\no1114.jpg,no
data/no\no1115.jpg,no
data/no\no1116.jpg,no
data/no\no1117.jpg,no
data/no\no1118.jpg,no
data/no\no1119.jpg,no
data/no\no112.jpg,no
data/no\no1120.jpg,no
data/no\no1121.jpg,no
data/no\no1122.jpg,no
data/no\no1123.jpg,no
data/no\no1124.jpg,no
data/no\no1125.jpg,no
data/no\no1126.jpg,no
data/no\no1127.jpg,no
data/no\no1128.jpg,no
data/no\no1129.jpg,no
data/no\no113.jpg,no
data/no\no1130.jpg,no
data/no\no1131.jpg,no
data/no\no1132.jpg,no
data/no\no1133.jpg,no
data/no\no1134.jpg,no
data/no\no1135.jpg,no
data/no\no1136.jpg,no
data/no\no1137.jpg,no
data/no\no1138.jpg,no
data/no\no1139.jpg,no
data/no\no114.jpg,no
data/no\no1140.jpg,no
data/no\no1141.jpg,no
data/no\no1142.jpg,no
data/no\no1143.jpg,no
data/no\no1144.jpg,no
data/no\no1145.jpg,no
data/no\no1146.jpg,no
data/no\no1147.jpg,no
data/no\no1148.jpg,no
data/no\no1149.jpg,no
data/no\no115.jpg,no
data/no\no1150.jpg,no
data/no\no1151.jpg,no
data/no\no1152.jpg,no
data/no\no1153.jpg,no
data/no\no1154.jpg,no
data/no\no1155.jpg,no
data/no\no1156.jpg,no
data/no\no1157.jpg,no
data/no\no1158.jpg,no
data/no\no1159.jpg,no
data/no\no116.jpg,no
data/no\no1160.jpg,no
data/no\no1161.jpg,no
data/no\no1162.jpg,no
data/no\no1163.jpg,no
data/no\no1164.jpg,no
data/no\no1165.jpg,no
data/no\no1166.jpg,no
data/no\no1167.jpg,no
data/no\no1168.jpg,no
data/no\no1169.jpg,no
data/no\no117.jpg,no
data/no\no1170.jpg,no
data/no\no1171.jpg,no
data/no\no1172.jpg,no
data/no\no1173.jpg,no
data/no\no1174.jpg,no
data/no\no1175.jpg,no
data/no\no1176.jpg,no
data/no\no1177.jpg,no
data/no\no1178.jpg,no
data/no\no1179.jpg,no
data/no\no118.jpg,no
data/no\no1180.jpg,no
data/no\no1181.jpg,no
data/no\no1182.jpg,no
data/no\no1183.jpg,no
data/no\no1184.jpg,no
data/no\no1185.jpg,no
data/no\no1186.jpg,no
data/no\no1187.jpg,no
data/no\no1188.jpg,no
data/no\no1189.jpg,no
data/no\no119.jpg,no
data/no\no1190.jpg,no
data/no\no1191.jpg,no
data/no\no1192.jpg,no
data/no\no1193.jpg,no
data/no\no1194.jpg,no
data/no\no1195.jpg,no
data/no\no1196.jpg,no
data/no\no1197.jpg,no
data/no\no1198.jpg,no
data/no\no1199.jpg,no
data/no\No12.jpg,no
data/no\no120.jpg,no
data/no\no1200.jpg,no
data/no\no1201.jpg,no
data/no\no1202.jpg,no
data/no\no1203.jpg,no
data/no\no1204.jpg,no
data/no\no1205.jpg,no
data/no\no1206.jpg,no
data/no\no1207.jpg,no
data/no\no1208.jpg,no
data/no\no1209.jpg,no
data/no\no121.jpg,no
data/no\no1210.jpg,no
data/no\no1211.jpg,no
data/no\no1212.jpg,no
data/no\no1213.jpg,no
data/no\no1214.jpg,no
data/no\no1215.jpg,no
data/no\no1216.jpg,no
data/no\no1217.jpg,no
data/no\no1218.jpg,no
data/no\no1219.jpg,no
data/no\no122.jpg,no
data/no\no1220.jpg,no
data/no\no1221.jpg,no
data/no\no1222.jpg,no
data/no\no1223.jpg,no
data/no\no1224.jpg,no
data/no\no1225.jpg,no
data/no\no1226.jpg,no
data/no\no1227.jpg,no
data/no\no1228.jpg,no
data/no\no1229.jpg,no
data/no\no123.jpg,no
data/no\no1230.jpg,no
data/no\no1231.jpg,no
data/no\no1232.jpg,no
data/no\no1233.jpg,no
data/no\no1234.jpg,no
data/no\no1235.jpg,no
data/no\no1236.jpg,no
data/no\no1237.jpg,no
data/no\no1238.jpg,no
data/no\no1239.jpg,no
data/no\no124.jpg,no
data/no\no1240.jpg,no
data/no\no1241.jpg,no
data/no\no1242.jpg,no
data/no\no1243.jpg,no
data/no\no1244.jpg,no
data/no\no1245.jpg,no
data/no\no1246.jpg,no
data/no\no1247.jpg,no
data/no\no1248.jpg,no
data/no\no1249.jpg,no
data/no\no125.jpg,no
data/no\no1250.jpg,no
data/no\no1251.jpg,no
data/no\no1252.jpg,no
data/no\no1253.jpg,no
data/no\no1254.jpg,no
data/no\no1255.jpg,no
data/no\no1256.jpg,no
data/no\no1257.jpg,no
data/no\no1258.jpg,no
data/no\no1259.jpg,no
data/no\no126.jpg,no
data/no\no1260.jpg,no
data/no\no1261.jpg,no
data/no\no1262.jpg,no
data/no\no1263.jpg,no
data/no\no1264.jpg,no
data/no\no1265.jpg,no
data/no\no1266.jpg,no
data/no\no1267.jpg,no
data/no\no1268.jpg,no
data/no\no1269.jpg,no
data/no\no127.jpg,no
data/no\no1270.jpg,no
data/no\no1271.jpg,no
data/no\no1272.jpg,no
data/no\no1273.jpg,no
data/no\no1274.jpg,no
data/no\no1275.jpg,no
data/no\no1276.jpg,no
data/no\no1277.jpg,no
data/no\no1278.jpg,no
data/no\no1279.jpg,no
data/no\no128.jpg,no
data/no\no1280.jpg,no
data/no\no1281.jpg,no
data/no\no1282.jpg,no
data/no\no1283.jpg,no
data/no\no1284.jpg,no
data/no\no1285.jpg,no
data/no\no1286.jpg,no
data/no\no1287.jpg,no
data/no\no1288.jpg,no
data/no\no1289.jpg,no
data/no\no129.jpg,no
data/no\no1290.jpg,no
data/no\no1291.jpg,no
data/no\no1292.jpg,no
data/no\no1293.jpg,no
data/no\no1294.jpg,no
data/no\no1295.jpg,no
data/no\no1296.jpg,no
data/no\no1297.jpg,no
data/no\no1298.jpg,no
data/no\no1299.jpg,no
data/no\No13.jpg,no
data/no\no130.jpg,no
data/no\no1300.jpg,no
data/no\no1301.jpg,no
data/no\no1302.jpg,no
data/no\no1303.jpg,no
data/no\no1304.jpg,no
data/no\no1305.jpg,no
data/no\no1306.jpg,no
data/no\no1307.jpg,no
data/no\no1308.jpg,no
data/no\no1309.jpg,no
data/no\no131.jpg,no
data/no\no1310.jpg,no
data/no\no1311.jpg,no
data/no\no1312.jpg,no
data/no\no1313.jpg,no
data/no\no1314.jpg,no
data/no\no1315.jpg,no
data/no\no1316.jpg,no
data/no\no1317.jpg,no
data/no\no1318.jpg,no
data/no\no1319.jpg,no
data/no\no132.jpg,no
data/no\no1320.jpg,no
data/no\no1321.jpg,no
data/no\no1322.jpg,no
data/no\no1323.jpg,no
data/no\no1324.jpg,no
data/no\no1325.jpg,no
data/no\no1326.jpg,no
data/no\no1327.jpg,no
data/no\no1328.jpg,no
data/no\no1329.jpg,no
data/no\no133.jpg,no
data/no\no1330.jpg,no
data/no\no1331.jpg,no
data/no\no1332.jpg,no
data/no\no1333.jpg,no
data/no\no1334.jpg,no
data/no\no1335.jpg,no
data/no\no1336.jpg,no
data/no\no1337.jpg,no
data/no\no1338.jpg,no
data/no\no1339.jpg,no
data/no\no134.jpg,no
data/no\no1340.jpg,no
data/no\no1341.jpg,no
data/no\no1342.jpg,no
data/no\no1343.jpg,no
data/no\no1344.jpg,no
data/no\no1345.jpg,no
data/no\no1346.jpg,no
data/no\no1347.jpg,no
data/no\no1348.jpg,no
data/no\no1349.jpg,no
data/no\no135.jpg,no
data/no\no1350.jpg,no
data/no\no1351.jpg,no
data/no\no1352.jpg,no
data/no\no1353.jpg,no
data/no\no1354.jpg,no
data/no\no1355.jpg,no
data/no\no1356.jpg,no
data/no\no1357.jpg,no
data/no\no1358.jpg,no
data/no\no1359.jpg,no
data/no\no136.jpg,no
data/no\no1360.jpg,no
data/no\no1361.jpg,no
data/no\no1362.jpg,no
data/no\no1363.jpg,no
data/no\no1364.jpg,no
data/no\no1365.jpg,no
data/no\no1366.jpg,no
data/no\no1367.jpg,no
data/no\no1368.jpg,no
data/no\no1369.jpg,no
data/no\no137.jpg,no
data/no\no1370.jpg,no
data/no\no1371.jpg,no
data/no\no1372.jpg,no
data/no\no1373.jpg,no
data/no\no1374.jpg,no
data/no\no1375.jpg,no
data/no\no1376.jpg,no
data/no\no1377.jpg,no
data/no\no1378.jpg,no
data/no\no1379.jpg,no
data/no\no138.jpg,no
data/no\no1380.jpg,no
data/no\no1381.jpg,no
data/no\no1382.jpg,no
data/no\no1383.jpg,no
data/no\no1384.jpg,no
data/no\no1385.jpg,no
data/no\no1386.jpg,no
data/no\no1387.jpg,no
data/no\no1388.jpg,no
data/no\no1389.jpg,no
data/no\no139.jpg,no
data/no\no1390.jpg,no
data/no\no1391.jpg,no
data/no\no1392.jpg,no
data/no\no1393.jpg,no
data/no\no1394.jpg,no
data/no\no1395.jpg,no
data/no\no1396.jpg,no
data/no\no1397.jpg,no
data/no\no1398.jpg,no
data/no\no1399.jpg,no
data/no\No14.jpg,no
data/no\no140.jpg,no
data/no\no1400.jpg,no
data/no\no1401.jpg,no
data/no\no1402.jpg,no
data/no\no1403.jpg,no
data/no\no1404.jpg,no
data/no\no1405.jpg,no
data/no\no1406.jpg,no
data/no\no1407.jpg,no
data/no\no1408.jpg,no
data/no\no1409.jpg,no
data/no\no141.jpg,no
data/no\no1410.jpg,no
data/no\no1411.jpg,no
data/no\no1412.jpg,no
data/no\no1413.jpg,no
data/no\no1414.jpg,no
data/no\no1415.jpg,no
data/no\no1416.jpg,no
data/no\no1417.jpg,no
data/no\no1418.jpg,no
data/no\no1419.jpg,no
data/no\no142.jpg,no
data/no\no1420.jpg,no
data/no\no1421.jpg,no
data/no\no1422.jpg,no
data/no\no1423.jpg,no
data/no\no1424.jpg,no
data/no\no1425.jpg,no
data/no\no1426.jpg,no
data/no\no1427.jpg,no
data/no\no1428.jpg,no
data/no\no1429.jpg,no
data/no\no143.jpg,no
data/no\no1430.jpg,no
data/no\no1431.jpg,no
data/no\no1432.jpg,no
data/no\no1433.jpg,no
data/no\no1434.jpg,no
data/no\no1435.jpg,no
data/no\no1436.jpg,no
data/no\no1437.jpg,no
data/no\no1438.jpg,no
data/no\no1439.jpg,no
data/no\no144.jpg,no
data/no\no1440.jpg,no
data/no\no1441.jpg,no
data/no\no1442.jpg,no
data/no\no1443.jpg,no
data/no\no1444.jpg,no
data/no\no1445.jpg,no
data/no\no1446.jpg,no
data/no\no1447.jpg,no
data/no\no1448.jpg,no
data/no\no1449.jpg,no
data/no\no145.jpg,no
data/no\no1450.jpg,no
data/no\no1451.jpg,no
data/no\no1452.jpg,no
data/no\no1453.jpg,no
data/no\no1454.jpg,no
data/no\no1455.jpg,no
data/no\no1456.jpg,no
data/no\no1457.jpg,no
data/no\no1458.jpg,no
data/no\no1459.jpg,no
data/no\no146.jpg,no
data/no\no1460.jpg,no
data/no\no1461.jpg,no
data/no\no1462.jpg,no
data/no\no1463.jpg,no
data/no\no1464.jpg,no
data/no\no1465.jpg,no
data/no\no1466.jpg,no
data/no\no1467.jpg,no
data/no\no1468.jpg,no
data/no\no1469.jpg,no
data/no\no147.jpg,no
data/no\no1470.jpg,no
data/no\no1471.jpg,no
data/no\no1472.jpg,no
data/no\no1473.jpg,no
data/no\no1474.jpg,no
data/no\no1475.jpg,no
data/no\no1476.jpg,no
data/no\no1477.jpg,no
data/no\no1478.jpg,no
data/no\no1479.jpg,no
data/no\no148.jpg,no
data/no\no1480.jpg,no
data/no\no1481.jpg,no
data/no\no1482.jpg,no
data/no\no1483.jpg,no
data/no\no1484.jpg,no
data/no\no1485.jpg,no
data/no\no1486.jpg,no
data/no\no1487.jpg,no
data/no\no1488.jpg,no
data/no\no1489.jpg,no
data/no\no149.jpg,no
data/no\no1490.jpg,no
data/no\no1491.jpg,no
data/no\no1492.jpg,no
data/no\no1493.jpg,no
data/no\no1494.jpg,no
data/no\no1495.jpg,no
data/no\no1496.jpg,no
data/no\no1497.jpg,no
data/no\no1498.jpg,no
data/no\no1499.jpg,no
data/no\No15.jpg,no
data/no\no150.jpg,no
data/no\no151.jpg,no
data/no\no152.jpg,no
data/no\no153.jpg,no
data/no\no154.jpg,no
data/no\no155.jpg,no
data/no\no156.jpg,no
data/no\no157.jpg,no
data/no\no158.jpg,no
data/no\no159.jpg,no
data/no\no16.jpg,no
data/no\no160.jpg,no
data/no\no161.jpg,no
data/no\no162.jpg,no
data/no\no163.jpg,no
data/no\no164.jpg,no
data/no\no165.jpg,no
data/no\no166.jpg,no
data/no\no167.jpg,no
data/no\no168.jpg,no
data/no\no169.jpg,no
data/no\No17.jpg,no
data/no\no170.jpg,no
data/no\no171.jpg,no
data/no\no172.jpg,no
data/no\no173.jpg,no
data/no\no174.jpg,no
data/no\no175.jpg,no
data/no\no176.jpg,no
data/no\no177.jpg,no
data/no\no178.jpg,no
data/no\no179.jpg,no
data/no\No18.jpg,no
data/no\no180.jpg,no
data/no\no181.jpg,no
data/no\no182.jpg,no
data/no\no183.jpg,no
data/no\no184.jpg,no
data/no\no185.jpg,no
data/no\no186.jpg,no
data/no\no187.jpg,no
data/no\no188.jpg,no
data/no\no189.jpg,no
data/no\No19.jpg,no
data/no\no190.jpg,no
data/no\no191.jpg,no
data/no\no192.jpg,no
data/no\no193.jpg,no
data/no\no194.jpg,no
data/no\no195.jpg,no
data/no\no196.jpg,no
data/no\no197.jpg,no
data/no\no198.jpg,no
data/no\no199.jpg,no
data/no\no2.jpg,no
data/no\no20.jpg,no
data/no\no200.jpg,no
data/no\no201.jpg,no
data/no\no202.jpg,no
data/no\no203.jpg,no
data/no\no204.jpg,no
data/no\no205.jpg,no
data/no\no206.jpg,no
data/no\no207.jpg,no
data/no\no208.jpg,no
data/no\no209.jpg,no
data/no\no21.jpg,no
data/no\no210.jpg,no
data/no\no211.jpg,no
data/no\no212.jpg,no
data/no\no213.jpg,no
data/no\no214.jpg,no
data/no\no215.jpg,no
data/no\no216.jpg,no
data/no\no217.jpg,no
data/no\no218.jpg,no
data/no\no219.jpg,no
data/no\no22.jpg,no
data/no\no220.jpg,no
data/no\no221.jpg,no
data/no\no222.jpg,no
data/no\no223.jpg,no
data/no\no224.jpg,no
data/no\no225.jpg,no
data/no\no226.jpg,no
data/no\no227.jpg,no
data/no\no228.jpg,no
data/no\no229.jpg,no
data/no\no23.jpg,no
data/no\no230.jpg,no
data/no\no231.jpg,no
data/no\no232.jpg,no
data/no\no233.jpg,no
data/no\no234.jpg,no
data/no\no235.jpg,no
data/no\no236.jpg,no
data/no\no237.jpg,no
data/no\no238.jpg,no
data/no\no239.jpg,no
data/no\no24.jpg,no
data/no\no240.jpg,no
data/no\no241.jpg,no
data/no\no242.jpg,no
data/no\no243.jpg,no
data/no\no244.jpg,no
data/no\no245.jpg,no
data/no\no246.jpg,no
data/no\no247.jpg,no
data/no\no248.jpg,no
data/no\no249.jpg,no
data/no\no25.jpg,no
data/no\no250.jpg,no
data/no\no251.jpg,no
data/no\no252.jpg,no
data/no\no253.jpg,no
data/no\no254.jpg,no
data/no\no255.jpg,no
data/no\no256.jpg,no
data/no\no257.jpg,no
data/no\no258.jpg,no
data/no\no259.jpg,no
data/no\no26.jpg,no
data/no\no260.jpg,no
data/no\no261.jpg,no
data/no\no262.jpg,no
data/no\no263.jpg,no
data/no\no264.jpg,no
data/no\no265.jpg,no
data/no\no266.jpg,no
data/no\no267.jpg,no
data/no\no268.jpg,no
data/no\no269.jpg,no
data/no\no27.jpg,no
data/no\no270.jpg,no
data/no\no271.jpg,no
data/no\no272.jpg,no
data/no\no273.jpg,no
data/no\no274.jpg,no
data/no\no275.jpg,no
data/no\no276.jpg,no
data/no\no277.jpg,no
data/no\no278.jpg,no
data/no\no279.jpg,no
data/no\no28.jpg,no
data/no\no280.jpg,no
data/no\no281.jpg,no
data/no\no282.jpg,no
data/no\no283.jpg,no
data/no\no284.jpg,no
data/no\no285.jpg,no
data/no\no286.jpg,no
data/no\no287.jpg,no
data/no\no288.jpg,no
data/no\no289.jpg,no
data/no\no29.jpg,no
data/no\no290.jpg,no
data/no\no291.jpg,no
data/no\no292.jpg,no
data/no\no293.jpg,no
data/no\no294.jpg,no
data/no\no295.jpg,no
data/no\no296.jpg,no
data/no\no297.jpg,no
data/no\no298.jpg,no
data/no\no299.jpg,no
data/no\no3.jpg,no
data/no\no30.jpg,no
data/no\no300.jpg,no
data/no\no301.jpg,no
data/no\no302.jpg,no
data/no\no303.jpg,no
data/no\no304.jpg,no
data/no\no305.jpg,no
data/no\no306.jpg,no
data/no\no307.jpg,no
data/no\no308.jpg,no
data/no\no309.jpg,no
data/no\no31.jpg,no
data/no\no310.jpg,no
data/no\no311.jpg,no
data/no\no312.jpg,no
data/no\no313.jpg,no
data/no\no314.jpg,no
data/no\no315.jpg,no
data/no\no316.jpg,no
data/no\no317.jpg,no
data/no\no318.jpg,no
data/no\no319.jpg,no
data/no\no32.jpg,no
data/no\no320.jpg,no
data/no\no321.jpg,no
data/no\no322.jpg,no
data/no\no323.jpg,no
data/no\no324.jpg,no
data/no\no325.jpg,no
data/no\no326.jpg,no
data/no\no327.jpg,no
data/no\no328.jpg,no
data/no\no329.jpg,no
data/no\no33.jpg,no
data/no\no330.jpg,no
data/no\no331.jpg,no
data/no\no332.jpg,no
data/no\no333.jpg,no
data/no\no334.jpg,no
data/no\no335.jpg,no
data/no\no336.jpg,no
data/no\no337.jpg,no
data/no\no338.jpg,no
data/no\no339.jpg,no
data/no\no34.jpg,no
data/no\no340.jpg,no
data/no\no341.jpg,no
data/no\no342.jpg,no
data/no\no343.jpg,no
data/no\no344.jpg,no
data/no\no345.jpg,no
data/no\no346.jpg,no
data/no\no347.jpg,no
data/no\no348.jpg,no
data/no\no349.jpg,no
data/no\no35.jpg,no
data/no\no350.jpg,no
data/no\no351.jpg,no
data/no\no352.jpg,no
data/no\no353.jpg,no
data/no\no354.jpg,no
data/no\no355.jpg,no
data/no\no356.jpg,no
data/no\no357.jpg,no
data/no\no358.jpg,no
data/no\no359.jpg,no
data/no\no36.jpg,no
data/no\no360.jpg,no
data/no\no361.jpg,no
data/no\no362.jpg,no
data/no\no363.jpg,no
data/no\no364.jpg,no
data/no\no365.jpg,no
data/no\no366.jpg,no
data/no\no367.jpg,no
data/no\no368.jpg,no
data/no\no369.jpg,no
data/no\no37.jpg,no
data/no\no370.jpg,no
data/no\no371.jpg,no
data/no\no372.jpg,no
data/no\no373.jpg,no
data/no\no374.jpg,no
data/no\no375.jpg,no
data/no\no376.jpg,no
data/no\no377.jpg,no
data/no\no378.jpg,no
data/no\no379.jpg,no
data/no\no38.jpg,no
data/no\no380.jpg,no
data/no\no381.jpg,no
data/no\no382.jpg,no
data/no\no383.jpg,no
data/no\no384.jpg,no
data/no\no385.jpg,no
data/no\no386.jpg,no
data/no\no387.jpg,no
data/no\no388.jpg,no
data/no\no389.jpg,no
data/no\no39.jpg,no
data/no\no390.jpg,no
data/no\no391.jpg,no
data/no\no392.jpg,no
data/no\no393.jpg,no
data/no\no394.jpg,no
data/no\no395.jpg,no
data/no\no396.jpg,no
data/no\no397.jpg,no
data/no\no398.jpg,no
data/no\no399.jpg,no
data/no\no4.jpg,no
data/no\no40.jpg,no
data/no\no400.jpg,no
data/no\no401.jpg,no
data/no\no402.jpg,no
data/no\no403.jpg,no
data/no\no404.jpg,no
data/no\no405.jpg,no
data/no\no406.jpg,no
data/no\no407.jpg,no
data/no\no408.jpg,no
data/no\no409.jpg,no
data/no\no41.jpg,no
data/no\no410.jpg,no
data/no\no411.jpg,no
data/no\no412.jpg,no
data/no\no413.jpg,no
data/no\no414.jpg,no
data/no\no415.jpg,no
data/no\no416.jpg,no
data/no\no417.jpg,no
data/no\no418.jpg,no
data/no\no419.jpg,no
data/no\no42.jpg,no
data/no\no420.jpg,no
data/no\no421.jpg,no
data/no\no422.jpg,no
data/no\no423.jpg,no
data/no\no424.jpg,no
data/no\no425.jpg,no
data/no\no426.jpg,no
data/no\no427.jpg,no
data/no\no428.jpg,no
data/no\no429.jpg,no
data/no\no43.jpg,no
data/no\no430.jpg,no
data/no\no431.jpg,no
data/no\no432.jpg,no
data/no\no433.jpg,no
data/no\no434.jpg,no
data/no\no435.jpg,no
data/no\no436.jpg,no
data/no\no437.jpg,no
data/no\no438.jpg,no
data/no\no439.jpg,no
data/no\no44.jpg,no
data/no\no440.jpg,no
data/no\no441.jpg,no
data/no\no442.jpg,no
data/no\no443.jpg,no
data/no\no444.jpg,no
data/no\no445.jpg,no
data/no\no446.jpg,no
data/no\no447.jpg,no
data/no\no448.jpg,no
data/no\no449.jpg,no
data/no\no45.jpg,no
data/no\no450.jpg,no
data/no\no451.jpg,no
data/no\no452.jpg,no
data/no\no453.jpg,no
data/no\no454.jpg,no
data/no\no455.jpg,no
data/no\no456.jpg,no
data/no\no457.jpg,no
data/no\no458.jpg,no
data/no\no459.jpg,no
data/no\no46.jpg,no
data/no\no460.jpg,no
data/no\no461.jpg,no
data/no\no462.jpg,no
data/no\no463.jpg,no
data/no\no464.jpg,no
data/no\no465.jpg,no
data/no\no466.jpg,no
data/no\no467.jpg,no
data/no\no468.jpg,no
data/no\no469.jpg,no
data/no\no47.jpg,no
data/no\no470.jpg,no
data/no\no471.jpg,no
data/no\no472.jpg,no
data/no\no473.jpg,no
data/no\no474.jpg,no
data/no\no475.jpg,no
data/no\no476.jpg,no
data/no\no477.jpg,no
data/no\no478.jpg,no
data/no\no479.jpg,no
data/no\no48.jpg,no
data/no\no480.jpg,no
data/no\no481.jpg,no
data/no\no482.jpg,no
data/no\no483.jpg,no
data/no\no484.jpg,no
data/no\no485.jpg,no
data/no\no486.jpg,no
data/no\no487.jpg,no
data/no\no488.jpg,no
data/no\no489.jpg,no
data/no\no49.jpg,no
data/no\no490.jpg,no
data/no\no491.jpg,no
data/no\no492.jpg,no
data/no\no493.jpg,no
data/no\no494.jpg,no
data/no\no495.jpg,no
data/no\no496.jpg,no
data/no\no497.jpg,no
data/no\no498.jpg,no
data/no\no499.jpg,no
data/no\no5.jpg,no
data/no\no50.jpg,no
data/no\no500.jpg,no
data/no\no501.jpg,no
data/no\no502.jpg,no
data/no\no503.jpg,no
data/no\no504.jpg,no
data/no\no505.jpg,no
data/no\no506.jpg,no
data/no\no507.jpg,no
data/no\no508.jpg,no
data/no\no509.jpg,no
data/no\no51.jpg,no
data/no\no510.jpg,no
data/no\no511.jpg,no
data/no\no512.jpg,no
data/no\no513.jpg,no
data/no\no514.jpg,no
data/no\no515.jpg,no
data/no\no516.jpg,no
data/no\no517.jpg,no
data/no\no518.jpg,no
data/no\no519.jpg,no
data/no\no52.jpg,no
data/no\no520.jpg,no
data/no\no521.jpg,no
data/no\no522.jpg,no
data/no\no523.jpg,no
data/no\no524.jpg,no
data/no\no525.jpg,no
data/no\no526.jpg,no
data/no\no527.jpg,no
data/no\no528.jpg,no
data/no\no529.jpg,no
data/no\no53.jpg,no
data/no\no530.jpg,no
data/no\no531.jpg,no
data/no\no532.jpg,no
data/no\no533.jpg,no
data/no\no534.jpg,no
data/no\no535.jpg,no
data/no\no536.jpg,no
data/no\no537.jpg,no
data/no\no538.jpg,no
data/no\no539.jpg,no
data/no\no54.jpg,no
data/no\no540.jpg,no
data/no\no541.jpg,no
data/no\no542.jpg,no
data/no\no543.jpg,no
data/no\no544.jpg,no
data/no\no545.jpg,no
data/no\no546.jpg,no
data/no\no547.jpg,no
data/no\no548.jpg,no
data/no\no549.jpg,no
data/no\no55.jpg,no
data/no\no550.jpg,no
data/no\no551.jpg,no
data/no\no552.jpg,no
data/no\no553.jpg,no
data/no\no554.jpg,no
data/no\no555.jpg,no
data/no\no556.jpg,no
data/no\no557.jpg,no
data/no\no558.jpg,no
data/no\no559.jpg,no
data/no\no56.jpg,no
data/no\no560.jpg,no
data/no\no561.jpg,no
data/no\no562.jpg,no
data/no\no563.jpg,no
data/no\no564.jpg,no
data/no\no565.jpg,no
data/no\no566.jpg,no
data/no\no567.jpg,no
data/no\no568.jpg,no
data/no\no569.jpg,no
data/no\no57.jpg,no
data/no\no570.jpg,no
data/no\no571.jpg,no
data/no\no572.jpg,no
data/no\no573.jpg,no
data/no\no574.jpg,no
data/no\no575.jpg,no
data/no\no576.jpg,no
data/no\no577.jpg,no
data/no\no578.jpg,no
data/no\no579.jpg,no
data/no\no58.jpg,no
data/no\no580.jpg,no
data/no\no581.jpg,no
data/no\no582.jpg,no
data/no\no583.jpg,no
data/no\no584.jpg,no
data/no\no585.jpg,no
data/no\no586.jpg,no
data/no\no587.jpg,no
data/no\no588.jpg,no
data/no\no589.jpg,no
data/no\no59.jpg,no
data/no\no590.jpg,no
data/no\no591.jpg,no
data/no\no592.jpg,no
data/no\no593.jpg,no
data/no\no594.jpg,no
data/no\no595.jpg,no
data/no\no596.jpg,no
data/no\no597.jpg,no
data/no\no598.jpg,no
data/no\no599.jpg,no
data/no\no6.jpg,no
data/no\no60.jpg,no
data/no\no600.jpg,no
data/no\no601.jpg,no
data/no\no602.jpg,no
data/no\no603.jpg,no
data/no\no604.jpg,no
data/no\no605.jpg,no
data/no\no606.jpg,no
data/no\no607.jpg,no
data/no\no608.jpg,no
data/no\no609.jpg,no
data/no\no61.jpg,no
data/no\no610.jpg,no
data/no\no611.jpg,no
data/no\no612.jpg,no
data/no\no613.jpg,no
data/no\no614.jpg,no
data/no\no615.jpg,no
data/no\no616.jpg,no
data/no\no617.jpg,no
data/no\no618.jpg,no
data/no\no619.jpg,no
data/no\no62.jpg,no
data/no\no620.jpg,no
data/no\no621.jpg,no
data/no\no622.jpg,no
data/no\no623.jpg,no
data/no\no624.jpg,no
data/no\no625.jpg,no
data/no\no626.jpg,no
data/no\no627.jpg,no
data/no\no628.jpg,no
data/no\no629.jpg,no
data/no\no63.jpg,no
data/no\no630.jpg,no
data/no\no631.jpg,no
data/no\no632.jpg,no
data/no\no633.jpg,no
data/no\no634.jpg,no
data/no\no635.jpg,no
data/no\no636.jpg,no
data/no\no637.jpg,no
data/no\no638.jpg,no
data/no\no639.jpg,no
data/no\no64.jpg,no
data/no\no640.jpg,no
data/no\no641.jpg,no
data/no\no642.jpg,no
data/no\no643.jpg,no
data/no\no644.jpg,no
data/no\no645.jpg,no
data/no\no646.jpg,no
data/no\no647.jpg,no
data/no\no648.jpg,no
data/no\no649.jpg,no
data/no\no65.jpg,no
data/no\no650.jpg,no
data/no\no651.jpg,no
data/no\no652.jpg,no
data/no\no653.jpg,no
data/no\no654.jpg,no
data/no\no655.jpg,no
data/no\no656.jpg,no
data/no\no657.jpg,no
data/no\no658.jpg,no
data/no\no659.jpg,no
data/no\no66.jpg,no
data/no\no660.jpg,no
data/no\no661.jpg,no
data/no\no662.jpg,no
data/no\no663.jpg,no
data/no\no664.jpg,no
data/no\no665.jpg,no
data/no\no666.jpg,no
data/no\no667.jpg,no
data/no\no668.jpg,no
data/no\no669.jpg,no
data/no\no67.jpg,no
data/no\no670.jpg,no
data/no\no671.jpg,no
data/no\no672.jpg,no
data/no\no673.jpg,no
data/no\no674.jpg,no
data/no\no675.jpg,no
data/no\no676.jpg,no
data/no\no677.jpg,no
data/no\no678.jpg,no
data/no\no679.jpg,no
data/no\no68.jpg,no
data/no\no680.jpg,no
data/no\no681.jpg,no
data/no\no682.jpg,no
data/no\no683.jpg,no
data/no\no684.jpg,no
data/no\no685.jpg,no
data/no\no686.jpg,no
data/no\no687.jpg,no
data/no\no688.jpg,no
data/no\no689.jpg,no
data/no\no69.jpg,no
data/no\no690.jpg,no
data/no\no691.jpg,no
data/no\no692.jpg,no
data/no\no693.jpg,no
data/no\no694.jpg,no
data/no\no695.jpg,no
data/no\no696.jpg,no
data/no\no697.jpg,no
data/no\no698.jpg,no
data/no\no699.jpg,no
data/no\no7.jpg,no
data/no\no70.jpg,no
data/no\no700.jpg,no
data/no\no701.jpg,no
data/no\no702.jpg,no
data/no\no703.jpg,no
data/no\no704.jpg,no
data/no\no705.jpg,no
data/no\no706.jpg,no
data/no\no707.jpg,no
data/no\no708.jpg,no
data/no\no709.jpg,no
data/no\no71.jpg,no
data/no\no710.jpg,no
data/no\no711.jpg,no
data/no\no712.jpg,no
data/no\no713.jpg,no
data/no\no714.jpg,no
data/no\no715.jpg,no
data/no\no716.jpg,no
data/no\no717.jpg,no
data/no\no718.jpg,no
data/no\no719.jpg,no
data/no\no72.jpg,no
data/no\no720.jpg,no
data/no\no721.jpg,no
data/no\no722.jpg,no
data/no\no723.jpg,no
data/no\no724.jpg,no
data/no\no725.jpg,no
data/no\no726.jpg,no
data/no\no727.jpg,no
data/no\no728.jpg,no
data/no\no729.jpg,no
data/no\no73.jpg,no
data/no\no730.jpg,no
data/no\no731.jpg,no
data/no\no732.jpg,no
data/no\no733.jpg,no
data/no\no734.jpg,no
data/no\no735.jpg,no
data/no\no736.jpg,no
data/no\no737.jpg,no
data/no\no738.jpg,no
data/no\no739.jpg,no
data/no\no74.jpg,no
data/no\no740.jpg,no
data/no\no741.jpg,no
data/no\no742.jpg,no
data/no\no743.jpg,no
data/no\no744.jpg,no
data/no\no745.jpg,no
data/no\no746.jpg,no
data/no\no747.jpg,no
data/no\no748.jpg,no
data/no\no749.jpg,no
data/no\no75.jpg,no
data/no\no750.jpg,no
data/no\no751.jpg,no
data/no\no752.jpg,no
data/no\no753.jpg,no
data/no\no754.jpg,no
data/no\no755.jpg,no
data/no\no756.jpg,no
data/no\no757.jpg,no
data/no\no758.jpg,no
data/no\no759.jpg,no
data/no\no76.jpg,no
data/no\no760.jpg,no
data/no\no761.jpg,no
data/no\no762.jpg,no
data/no\no763.jpg,no
data/no\no764.jpg,no
data/no\no765.jpg,no
data/no\no766.jpg,no
data/no\no767.jpg,no
data/no\no768.jpg,no
data/no\no769.jpg,no
data/no\no77.jpg,no
data/no\no770.jpg,no
data/no\no771.jpg,no
data/no\no772.jpg,no
data/no\no773.jpg,no
data/no\no774.jpg,no
data/no\no775.jpg,no
data/no\no776.jpg,no
data/no\no777.jpg,no
data/no\no778.jpg,no
data/no\no779.jpg,no
data/no\no78.jpg,no
data/no\no780.jpg,no
data/no\no781.jpg,no
data/no\no782.jpg,no
data/no\no783.jpg,no
data/no\no784.jpg,no
data/no\no785.jpg,no
data/no\no786.jpg,no
data/no\no787.jpg,no
data/no\no788.jpg,no
data/no\no789.jpg,no
data/no\no79.jpg,no
data/no\no790.jpg,no
data/no\no791.jpg,no
data/no\no792.jpg,no
data/no\no793.jpg,no
data/no\no794.jpg,no
data/no\no795.jpg,no
data/no\no796.jpg,no
data/no\no797.jpg,no
data/no\no798.jpg,no
data/no\no799.jpg,no
data/no\no8.jpg,no
data/no\no80.jpg,no
data/no\no800.jpg,no
data/no\no801.jpg,no
data/no\no802.jpg,no
data/no\no803.jpg,no
data/no\no804.jpg,no
data/no\no805.jpg,no
data/no\no806.jpg,no
data/no\no807.jpg,no
data/no\no808.jpg,no
data/no\no809.jpg,no
data/no\no81.jpg,no
data/no\no810.jpg,no
data/no\no811.jpg,no
data/no\no812.jpg,no
data/no\no813.jpg,no
data/no\no814.jpg,no
data/no\no815.jpg,no
data/no\no816.jpg,no
data/no\no817.jpg,no
data/no\no818.jpg,no
data/no\no819.jpg,no
data/no\no82.jpg,no
data/no\no820.jpg,no
data/no\no821.jpg,no
data/no\no822.jpg,no
data/no\no823.jpg,no
data/no\no824.jpg,no
data/no\no825.jpg,no
data/no\no826.jpg,no
data/no\no827.jpg,no
data/no\no828.jpg,no
data/no\no829.jpg,no
data/no\no83.jpg,no
data/no\no830.jpg,no
data/no\no831.jpg,no
data/no\no832.jpg,no
data/no\no833.jpg,no
data/no\no834.jpg,no
data/no\no835.jpg,no
data/no\no836.jpg,no
data/no\no837.jpg,no
data/no\no838.jpg,no
data/no\no839.jpg,no
data/no\no84.jpg,no
data/no\no840.jpg,no
data/no\no841.jpg,no
data/no\no842.jpg,no
data/no\no843.jpg,no
data/no\no844.jpg,no
data/no\no845.jpg,no
data/no\no846.jpg,no
data/no\no847.jpg,no
data/no\no848.jpg,no
data/no\no849.jpg,no
data/no\no85.jpg,no
data/no\no850.jpg,no
data/no\no851.jpg,no
data/no\no852.jpg,no
data/no\no853.jpg,no
data/no\no854.jpg,no
data/no\no855.jpg,no
data/no\no856.jpg,no
data/no\no857.jpg,no
data/no\no858.jpg,no
data/no\no859.jpg,no
data/no\no86.jpg,no
data/no\no860.jpg,no
data/no\no861.jpg,no
data/no\no862.jpg,no
data/no\no863.jpg,no
data/no\no864.jpg,no
data/no\no865.jpg,no
data/no\no866.jpg,no
data/no\no867.jpg,no
data/no\no868.jpg,no
data/no\no869.jpg,no
data/no\no87.jpg,no
data/no\no870.jpg,no
data/no\no871.jpg,no
data/no\no872.jpg,no
data/no\no873.jpg,no
data/no\no874.jpg,no
data/no\no875.jpg,no
data/no\no876.jpg,no
data/no\no877.jpg,no
data/no\no878.jpg,no
data/no\no879.jpg,no
data/no\no88.jpg,no
data/no\no880.jpg,no
data/no\no881.jpg,no
data/no\no882.jpg,no
data/no\no883.jpg,no
data/no\no884.jpg,no
data/no\no885.jpg,no
data/no\no886.jpg,no
data/no\no887.jpg,no
data/no\no888.jpg,no
data/no\no889.jpg,no
data/no\no89.jpg,no
data/no\no890.jpg,no
data/no\no891.jpg,no
data/no\no892.jpg,no
data/no\no893.jpg,no
data/no\no894.jpg,no
data/no\no895.jpg,no
data/no\no896.jpg,no
data/no\no897.jpg,no
data/no\no898.jpg,no
data/no\no899.jpg,no
data/no\no9.jpg,no
data/no\no90.jpg,no
data/no\no900.jpg,no
data/no\no901.jpg,no
data/no\no902.jpg,no
data/no\no903.jpg,no
data/no\no904.jpg,no
data/no\no905.jpg,no
data/no\no906.jpg,no
data/no\no907.jpg,no
data/no\no908.jpg,no
data/no\no909.jpg,no
data/no\no91.jpg,no
data/no\no910.jpg,no
data/no\no911.jpg,no
data/no\no912.jpg,no
data/no\no913.jpg,no
data/no\no914.jpg,no
data/no\no915.jpg,no
data/no\no916.jpg,no
data/no\no917.jpg,no
data/no\no918.jpg,no
data/no\no919.jpg,no
data/no\no92.jpg,no
data/no\no920.jpg,no
data/no\no921.jpg,no
data/no\no922.jpg,no
data/no\no923.jpg,no
data/no\no924.jpg,no
data/no\no925.jpg,no
data/no\no926.jpg,no
data/no\no927.jpg,no
data/no\no928.jpg,no
data/no\no929.jpg,no
data/no\no93.jpg,no
data/no\no930.jpg,no
data/no\no931.jpg,no
data/no\no932.jpg,no
data/no\no933.jpg,no
data/no\no934.jpg,no
data/no\no935.jpg,no
data/no\no936.jpg,no
data/no\no937.jpg,no
data/no\no938.jpg,no
data/no\no939.jpg,no
data/no\no94.jpg,no
data/no\no940.jpg,no
data/no\no941.jpg,no
data/no\no942.jpg,no
data/no\no943.jpg,no
data/no\no944.jpg,no
data/no\no945.jpg,no
data/no\no946.jpg,no
data/no\no947.jpg,no
data/no\no948.jpg,no
data/no\no949.jpg,no
data/no\no95.jpg,no
data/no\no950.jpg,no
data/no\no951.jpg,no
data/no\no952.jpg,no
data/no\no953.jpg,no
data/no\no954.jpg,no
data/no\no955.jpg,no
data/no\no956.jpg,no
data/no\no957.jpg,no
data/no\no958.jpg,no
data/no\no959.jpg,no
data/no\no96.jpg,no
data/no\no960.jpg,no
data/no\no961.jpg,no
data/no\no962.jpg,no
data/no\no963.jpg,no
data/no\no964.jpg,no
data/no\no965.jpg,no
data/no\no966.jpg,no
data/no\no967.jpg,no
data/no\no968.jpg,no
data/no\no969.jpg,no
data/no\no97.jpg,no
data/no\no970.jpg,no
data/no\no971.jpg,no
data/no\no972.jpg,no
data/no\no973.jpg,no
data/no\no974.jpg,no
data/no\no975.jpg,no
data/no\no976.jpg,no
data/no\no977.jpg,no
data/no\no978.jpg,no
data/no\no979.jpg,no
data/no\no98.jpg,no
data/no\no980.jpg,no
data/no\no981.jpg,no
data/no\no982.jpg,no
data/no\no983.jpg,no
data/no\no984.jpg,no
data/no\no985.jpg,no
data/no\no986.jpg,no
data/no\no987.jpg,no
data/no\no988.jpg,no
data/no\no989.jpg,no
data/no\no99.jpg,no
data/no\no990.jpg,no
data/no\no991.jpg,no
data/no\no992.jpg,no
data/no\no993.jpg,no
data/no\no994.jpg,no
data/no\no995.jpg,no
data/no\no996.jpg,no
data/no\no997.jpg,no
data/no\no998.jpg,no
data/no\no999.jpg,no
